date_ad,index_value,absolute_change,percentage_change
2015-01-01,903.68,1.35,0.15
2015-01-04,917.50,13.82,1.53
2015-01-05,919.77,2.27,0.25
2015-01-06,917.41,-2.36,-0.26
2015-01-07,924.54,7.13,0.78
2015-01-08,930.97,6.43,0.70
2015-01-11,928.33,-2.64,-0.28
2015-01-12,927.80,-0.53,-0.06
2015-01-13,937.48,9.68,1.04
2015-01-14,939.53,2.05,0.22
2015-01-18,945.36,5.83,0.62
2015-01-19,975.45,30.09,3.18
2015-01-20,962.80,-12.65,-1.30
2015-01-22,959.24,-3.56,-0.37
2015-01-25,969.05,9.81,1.02
2015-01-26,968.63,-0.42,-0.04
2015-01-27,975.14,6.51,0.67
2015-01-28,988.07,12.93,1.33
2015-01-29,986.66,-1.41,-0.14
2015-02-01,991.44,4.78,0.48
2015-02-02,990.76,-0.68,-0.07
2015-02-03,987.55,-3.21,-0.32
2015-02-04,987.03,-0.52,-0.05
2015-02-05,984.22,-2.81,-0.28
2015-02-08,986.02,1.80,0.18
2015-02-09,980.70,-5.32,-0.54
2015-02-10,980.54,-0.16,-0.02
2015-02-11,981.01,0.47,0.05
2015-02-12,984.51,3.50,0.36
2015-02-15,989.87,5.36,0.54
2015-02-16,987.05,-2.82,-0.28
2015-02-18,982.65,-4.40,-0.45
2015-02-22,971.47,-11.18,-1.14
2015-02-23,973.95,2.48,0.26
2015-02-24,970.77,-3.18,-0.33
2015-02-25,970.62,-0.15,-0.02
2015-02-26,979.27,8.65,0.89
2015-03-01,975.67,-3.60,-0.37
2015-03-02,984.85,9.18,0.94
2015-03-03,981.42,-3.43,-0.35
2015-03-04,983.49,2.07,0.21
2015-03-09,988.77,5.28,0.54
2015-03-10,984.43,-4.34,-0.44
2015-03-11,984.06,-0.37,-0.04
2015-03-12,978.44,-5.62,-0.57
2015-03-15,970.68,-7.76,-0.79
2015-03-16,959.14,-11.54,-1.19
2015-03-17,963.46,4.32,0.45
2015-03-18,964.24,0.78,0.08
2015-03-19,967.62,3.38,0.35
2015-03-22,964.12,-3.50,-0.36
2015-03-23,956.59,-7.53,-0.78
2015-03-24,953.84,-2.75,-0.29
2015-03-25,951.29,-2.55,-0.27
2015-03-26,942.40,-8.89,-0.93
2015-03-29,942.30,-0.10,-0.01
2015-03-30,939.10,-3.20,-0.34
2015-03-31,945.74,6.64,0.71
2015-04-01,939.54,-6.20,-0.66
2015-04-02,940.09,0.55,0.06
2015-04-05,934.25,-5.84,-0.62
2015-04-06,938.12,3.87,0.41
2015-04-07,935.53,-2.59,-0.28
2015-04-08,942.15,6.62,0.71
2015-04-09,946.89,4.74,0.50
2015-04-12,952.03,5.14,0.54
2015-04-13,948.36,-3.67,-0.39
2015-04-15,944.13,-4.23,-0.45
2015-04-16,949.92,5.79,0.61
2015-04-19,945.70,-4.22,-0.44
2015-04-20,944.98,-0.72,-0.08
2015-04-21,945.12,0.14,0.01
2015-04-22,942.02,-3.10,-0.33
2015-04-23,938.19,-3.83,-0.41
2015-05-24,909.82,-28.37,-3.02
2015-05-25,880.53,-29.29,-3.22
2015-05-26,859.97,-20.56,-2.33
2015-05-27,837.83,-22.14,-2.57
2015-05-28,841.96,4.13,0.49
2015-05-31,871.94,29.98,3.56
2015-06-01,890.43,18.49,2.12
2015-06-02,901.98,11.55,1.30
2015-06-04,926.84,1.35,0.15
2015-06-07,931.17,4.33,0.47
2015-06-08,945.49,14.32,1.54
2015-06-09,966.59,21.10,2.23
2015-06-10,955.66,-10.93,-1.13
2015-06-11,937.96,-17.70,-1.85
2015-06-14,928.35,-9.61,-1.02
2015-06-15,933.73,5.38,0.58
2015-06-16,930.70,-3.03,-0.32
2015-06-17,927.85,-2.85,-0.31
2015-06-18,924.60,-3.25,-0.35
2015-06-21,917.97,-6.63,-0.72
2015-06-22,922.47,4.50,0.49
2015-06-23,926.09,3.62,0.39
2015-06-24,928.13,2.04,0.22
2015-06-25,930.38,2.25,0.24
2015-06-28,938.00,7.62,0.82
2015-06-29,946.33,8.33,0.89
2015-06-30,949.13,2.80,0.30
2015-07-01,945.78,-3.35,-0.35
2015-07-02,938.96,-6.82,-0.72
2015-07-05,938.02,-0.94,-0.10
2015-07-06,936.76,-1.26,-0.13
2015-07-07,941.36,4.60,0.49
2015-07-08,943.16,1.80,0.19
2015-07-09,943.43,0.27,0.03
2015-07-12,944.96,1.53,0.16
2015-07-13,944.00,-0.96,-0.10
2015-07-14,946.46,2.46,0.26
2015-07-15,950.72,4.26,0.45
2015-07-16,961.23,10.51,1.11
2015-07-22,963.27,2.04,0.21
2015-07-23,1003.38,40.11,4.16
2015-07-26,1053.95,50.57,5.04
2015-07-27,1046.40,-7.55,-0.72
2015-07-28,1028.14,-18.26,-1.75
2015-07-29,1021.33,-6.81,-0.66
2015-07-30,1027.98,6.65,0.65
2015-08-03,1030.40,-3.74,-0.36
2015-08-04,1029.92,-0.48,-0.05
2015-08-06,1040.36,6.34,0.61
2015-08-09,1063.41,23.05,2.22
2015-08-10,1081.36,17.95,1.69
2015-08-11,1077.78,-3.58,-0.33
2015-08-12,1077.19,-0.59,-0.05
2015-08-13,1088.42,11.23,1.04
2015-08-16,1112.05,23.63,2.17
2015-08-17,1157.60,45.55,4.10
2015-08-18,1159.93,2.33,0.20
2015-08-19,1191.92,31.99,2.76
2015-08-20,1200.92,9.00,0.76
2015-08-23,1184.67,-16.25,-1.35
2015-08-24,1181.75,-2.92,-0.25
2015-08-25,1181.41,-0.34,-0.03
2015-08-26,1175.57,-5.84,-0.49
2015-08-27,1183.76,8.19,0.70
2015-08-31,1200.15,16.39,1.38
2015-09-01,1191.34,-8.81,-0.73
2015-09-02,1176.26,-15.08,-1.27
2015-09-03,1169.40,-6.86,-0.58
2015-09-06,1166.69,-2.71,-0.23
2015-09-07,1170.97,4.28,0.37
2015-09-08,1174.69,3.72,0.32
2015-09-09,1173.16,-1.53,-0.13
2015-09-10,1168.71,-4.45,-0.38
2015-09-13,1183.93,15.22,1.30
2015-09-14,1194.11,10.18,0.86
2015-09-15,1205.84,11.73,0.98
2015-09-16,1202.81,-3.03,-0.25
2015-09-17,1196.02,-6.79,-0.56
2015-09-22,1156.08,-39.94,-3.34
2015-09-23,1183.36,27.28,2.36
2015-09-24,1176.86,-6.50,-0.55
2015-09-28,1160.09,-16.77,-1.43
2015-09-29,1169.30,9.21,0.79
2015-09-30,1181.28,11.98,1.02
2015-10-01,1178.74,-2.54,-0.22
2015-10-04,1183.48,4.74,0.40
2015-10-05,1171.27,-12.21,-1.03
2015-10-06,1158.79,-12.48,-1.07
2015-10-07,1149.45,-9.34,-0.81
2015-10-08,1162.06,12.61,1.10
2015-10-11,1143.88,-18.18,-1.56
2015-10-14,1135.09,-8.79,-0.77
2015-10-15,1134.47,-0.62,-0.05
2015-10-18,1119.83,-14.64,-1.29
2015-10-19,1127.42,7.59,0.68
2015-10-25,1121.05,-6.37,-0.56
2015-10-27,1091.73,-29.32,-2.62
2015-10-28,1084.37,-7.36,-0.67
2015-10-29,1092.04,7.67,0.71
2015-11-01,1088.30,-3.74,-0.34
2015-11-02,1091.83,3.53,0.32
2015-11-03,1086.20,-5.63,-0.52
2015-11-04,1092.30,6.43,0.59
2015-11-05,1090.68,-1.62,-0.15
2015-11-08,1086.57,-4.11,-0.38
2015-11-09,1107.43,20.86,1.92
2015-11-10,1109.29,1.86,0.17
2015-11-15,1100.09,-9.20,-0.83
2015-11-16,1094.18,-5.91,-0.54
2015-11-18,1099.25,5.07,0.46
2015-11-19,1094.57,-4.68,-0.43
2015-11-22,1071.38,-23.19,-2.12
2015-11-23,1075.80,4.42,0.41
2015-11-24,1066.69,-9.11,-0.85
2015-11-25,1056.42,-10.27,-0.96
2015-11-26,1044.01,-12.41,-1.17
2015-11-29,1022.77,-21.24,-2.03
2015-11-30,1034.12,11.35,1.11
2015-12-01,1066.38,32.26,3.12
2015-12-02,1062.78,-3.60,-0.34
2015-12-03,1072.94,10.16,0.96
2015-12-06,1102.84,29.90,2.79
2015-12-07,1107.94,5.10,0.46
2015-12-08,1107.23,-0.71,-0.06
2015-12-09,1122.79,15.56,1.41
2015-12-10,1119.35,-3.44,-0.31
2015-12-13,1118.57,-0.78,-0.07
2015-12-14,1120.18,1.61,0.14
2015-12-15,1121.02,0.84,0.07
2015-12-16,1116.19,-4.83,-0.43
2015-12-17,1110.68,-5.51,-0.49
2015-12-20,1118.95,8.27,0.74
2015-12-21,1131.52,12.57,1.12
2015-12-22,1138.18,6.66,0.59
2015-12-23,1133.34,-4.84,-0.43
2015-12-24,1137.03,3.69,0.33
2015-12-27,1135.47,-1.56,-0.14
2015-12-28,1131.95,-3.52,-0.31
2015-12-29,1142.17,10.22,0.90
2015-12-31,1151.38,9.21,0.81
2016-01-03,1160.84,9.46,0.82
2016-01-04,1154.62,-6.22,-0.54
2016-01-05,1146.77,-7.85,-0.68
2016-01-06,1149.89,3.12,0.27
2016-01-07,1164.14,14.25,1.24
2016-01-10,1167.18,3.04,0.26
2016-01-11,1168.81,1.63,0.14
2016-01-12,1173.60,4.79,0.41
2016-01-13,1180.98,7.38,0.63
2016-01-14,1190.16,9.18,0.78
2016-01-17,1209.67,19.51,1.64
2016-01-18,1214.31,2.31,0.19
2016-01-19,1213.71,-0.60,-0.05
2016-01-20,1213.57,-0.14,-0.01
2016-01-21,1212.32,-1.25,-0.10
2016-01-24,1219.62,7.30,0.60
2016-01-25,1222.43,2.81,0.23
2016-01-26,1218.39,-4.04,-0.33
2016-01-27,1216.96,-1.43,-0.12
2016-01-28,1216.11,-0.85,-0.07
2016-01-31,1220.70,4.59,0.38
2016-02-01,1238.02,17.32,1.42
2016-02-02,1240.07,2.05,0.17
2016-02-03,1242.13,2.06,0.17
2016-02-04,1251.42,9.29,0.75
2016-02-07,1262.82,11.40,0.91
2016-02-08,1263.75,0.93,0.07
2016-02-11,1263.72,-0.03,-0.00
2016-02-14,1259.35,-4.37,-0.35
2016-02-15,1258.23,-1.12,-0.09
2016-02-16,1257.34,-0.89,-0.07
2016-02-17,1266.08,8.74,0.70
2016-02-18,1273.28,7.20,0.57
2016-02-21,1278.92,5.64,0.44
2016-02-22,1291.81,12.89,1.01
2016-02-23,1285.93,-5.88,-0.46
2016-02-24,1279.90,-6.03,-0.47
2016-02-25,1283.52,3.62,0.28
2016-02-28,1283.67,0.15,0.01
2016-02-29,1283.94,0.27,0.02
2016-03-01,1289.52,5.58,0.43
2016-03-02,1295.78,6.26,0.49
2016-03-03,1300.76,4.98,0.38
2016-03-06,1306.54,5.78,0.44
2016-03-10,1318.03,11.49,0.88
2016-03-13,1318.88,0.85,0.06
2016-03-14,1312.20,-6.68,-0.51
2016-03-15,1312.85,0.65,0.05
2016-03-16,1315.77,2.92,0.22
2016-03-17,1326.53,10.76,0.82
2016-03-20,1343.93,17.40,1.31
2016-03-21,1342.07,-1.86,-0.14
2016-03-23,1345.53,3.46,0.26
2016-03-24,1357.14,11.61,0.86
2016-03-27,1377.33,20.19,1.49
2016-03-28,1374.75,-2.58,-0.19
2016-03-29,1370.04,-4.71,-0.34
2016-03-30,1362.98,-7.06,-0.52
2016-03-31,1355.48,-7.50,-0.55
2016-04-03,1351.54,-3.94,-0.29
2016-04-04,1362.53,10.99,0.81
2016-04-05,1375.26,12.73,0.93
2016-04-06,1377.42,2.16,0.16
2016-04-10,1382.42,5.00,0.36
2016-04-11,1383.85,1.43,0.10
2016-04-12,1388.63,4.78,0.35
2016-04-14,1405.78,17.15,1.24
2016-04-17,1409.43,3.65,0.26
2016-04-18,1428.60,19.17,1.36
2016-04-19,1430.81,2.21,0.15
2016-04-20,1440.69,9.88,0.69
2016-04-21,1441.67,0.98,0.07
2016-04-24,1454.35,12.68,0.88
2016-04-25,1461.75,7.40,0.51
2016-04-26,1453.11,-8.64,-0.59
2016-04-27,1458.38,5.27,0.36
2016-04-28,1464.91,6.53,0.45
2016-05-02,1474.47,9.56,0.65
2016-05-03,1471.95,-2.52,-0.17
2016-05-04,1468.11,-3.84,-0.26
2016-05-05,1463.13,-4.98,-0.34
2016-05-08,1472.69,9.56,0.65
2016-05-09,1482.90,10.21,0.69
2016-05-10,1484.04,1.14,0.08
2016-05-11,1481.18,-2.86,-0.19
2016-05-12,1481.94,0.76,0.05
2016-05-15,1477.38,-4.56,-0.31
2016-05-16,1467.51,-9.87,-0.67
2016-05-17,1483.68,16.17,1.10
2016-05-18,1496.41,12.73,0.86
2016-05-19,1499.32,2.91,0.19
2016-05-22,1509.39,10.07,0.67
2016-05-23,1524.07,14.68,0.97
2016-05-24,1544.53,20.46,1.34
2016-05-25,1524.12,-20.41,-1.32
2016-05-26,1525.09,0.97,0.06
2016-05-29,1522.25,-2.84,-0.19
2016-05-30,1526.96,4.71,0.31
2016-05-31,1532.12,5.16,0.34
2016-06-01,1523.56,-8.56,-0.56
2016-06-02,1518.12,-5.44,-0.36
2016-06-05,1483.14,-34.98,-2.30
2016-06-06,1516.80,33.66,2.27
2016-06-07,1531.49,14.69,0.97
2016-06-08,1546.80,15.31,1.00
2016-06-09,1566.70,19.90,1.29
2016-06-12,1597.96,31.26,2.00
2016-06-13,1609.59,11.63,0.73
2016-06-14,1614.15,4.56,0.28
2016-06-15,1620.47,6.32,0.39
2016-06-16,1632.94,12.47,0.77
2016-06-19,1622.27,-10.67,-0.65
2016-06-20,1615.10,-7.17,-0.44
2016-06-21,1628.81,13.71,0.85
2016-06-22,1647.51,18.70,1.15
2016-06-23,1666.29,18.78,1.14
2016-06-26,1685.17,18.88,1.13
2016-06-27,1712.84,27.67,1.64
2016-06-28,1724.19,11.35,0.66
2016-06-29,1724.59,0.40,0.02
2016-06-30,1723.23,-1.36,-0.08
2016-07-03,1719.20,-4.03,-0.23
2016-07-04,1716.83,-2.37,-0.14
2016-07-05,1713.21,-3.62,-0.21
2016-07-06,1715.72,2.69,0.16
2016-07-10,1722.53,6.81,0.40
2016-07-11,1702.27,-20.26,-1.18
2016-07-12,1693.07,-9.20,-0.54
2016-07-13,1690.43,-2.64,-0.16
2016-07-14,1718.15,27.72,1.64
2016-07-17,1745.74,27.59,1.61
2016-07-18,1786.57,40.83,2.34
2016-07-19,1800.47,13.90,0.78
2016-07-20,1786.84,-13.63,-0.76
2016-07-21,1798.83,11.99,0.67
2016-07-25,1838.49,39.66,2.20
2016-07-26,1866.50,28.01,1.52
2016-07-27,1881.45,14.95,0.80
2016-07-28,1877.93,-3.52,-0.19
2016-07-31,1862.76,-15.17,-0.81
2016-08-01,1845.41,-17.35,-0.93
2016-08-02,1826.47,-18.94,-1.03
2016-08-03,1813.72,-12.75,-0.70
2016-08-04,1768.60,-45.12,-2.49
2016-08-07,1764.72,-3.88,-0.22
2016-08-08,1675.91,-88.81,-5.03
2016-08-09,1760.42,84.51,5.04
2016-08-10,1777.06,16.64,0.95
2016-08-11,1774.87,-4.70,-0.26
2016-08-14,1733.93,-40.94,-2.31
2016-08-15,1694.81,-39.12,-2.26
2016-08-16,1717.45,22.64,1.34
2016-08-17,1735.06,17.61,1.03
2016-08-21,1722.43,-12.63,-0.73
2016-08-22,1683.12,-39.31,-2.28
2016-08-23,1681.86,-1.26,-0.07
2016-08-24,1730.62,48.76,2.90
2016-08-28,1748.23,17.61,1.02
2016-08-29,1766.54,18.31,1.05
2016-08-30,1788.08,21.54,1.22
2016-08-31,1797.45,9.37,0.52
2016-09-01,1805.18,7.73,0.43
2016-09-04,1819.83,14.65,0.81
2016-09-05,1838.90,19.07,1.05
2016-09-06,1834.80,-4.10,-0.22
2016-09-07,1824.83,-9.97,-0.54
2016-09-08,1823.05,-1.78,-0.10
2016-09-11,1816.81,-6.24,-0.34
2016-09-12,1818.69,1.88,0.10
2016-09-14,1815.17,-3.52,-0.19
2016-09-18,1804.48,-10.69,-0.59
2016-09-20,1786.50,-17.98,-1.00
2016-09-21,1779.13,-7.37,-0.41
2016-09-22,1766.91,-12.22,-0.69
2016-09-25,1730.64,-36.27,-2.05
2016-09-26,1757.10,26.46,1.53
2016-09-27,1753.72,-3.38,-0.19
2016-09-28,1749.10,-4.62,-0.26
2016-09-29,1753.38,4.28,0.24
2016-10-02,1763.78,10.40,0.59
2016-10-03,1780.40,16.62,0.94
2016-10-04,1798.50,18.10,1.02
2016-10-05,1806.60,8.10,0.45
2016-10-06,1819.88,13.28,0.74
2016-10-16,1803.74,-16.14,-0.89
2016-10-17,1793.36,-10.38,-0.58
2016-10-18,1792.73,-0.63,-0.04
2016-10-19,1787.89,-4.84,-0.27
2016-10-20,1794.47,6.58,0.37
2016-10-23,1782.39,-12.08,-0.67
2016-10-24,1768.89,-13.50,-0.76
2016-10-25,1751.00,-17.89,-1.01
2016-10-26,1753.46,2.46,0.14
2016-10-27,1759.71,6.25,0.36
2016-11-03,1762.21,2.50,0.14
2016-11-07,1749.12,-13.09,-0.74
2016-11-08,1724.49,-24.63,-1.41
2016-11-09,1696.86,-27.63,-1.60
2016-11-10,1697.17,0.31,0.02
2016-11-13,1700.00,2.83,0.17
2016-11-14,1706.28,6.28,0.37
2016-11-15,1701.91,-4.37,-0.26
2016-11-16,1698.90,-3.01,-0.18
2016-11-17,1658.08,-40.82,-2.40
2016-11-20,1599.62,-58.46,-3.53
2016-11-21,1606.29,6.67,0.42
2016-11-22,1582.47,-23.82,-1.48
2016-11-23,1540.01,-42.46,-2.68
2016-11-24,1534.03,-5.98,-0.39
2016-11-27,1469.48,-64.55,-4.21
2016-11-28,1510.16,40.68,2.77
2016-11-29,1553.68,43.52,2.88
2016-11-30,1608.33,54.65,3.52
2016-12-01,1600.49,-7.84,-0.49
2016-12-04,1570.95,-29.54,-1.85
2016-12-05,1544.60,-26.35,-1.68
2016-12-06,1554.51,9.91,0.64
2016-12-07,1553.90,-0.61,-0.04
2016-12-08,1544.68,-9.22,-0.59
2016-12-11,1522.80,-21.88,-1.42
2016-12-12,1509.43,-13.37,-0.88
2016-12-14,1516.08,6.65,0.44
2016-12-15,1530.06,13.98,0.92
2016-12-18,1531.35,1.29,0.08
2016-12-19,1514.88,-16.47,-1.08
2016-12-20,1495.99,-18.89,-1.25
2016-12-21,1470.63,-25.36,-1.70
2016-12-22,1475.41,4.78,0.33
2016-12-26,1432.57,-42.84,-2.90
2016-12-27,1407.53,-25.04,-1.75
2016-12-28,1413.15,5.62,0.40
2016-12-29,1443.38,30.23,2.14
2017-01-01,1465.72,22.34,1.55
2017-01-02,1482.85,17.13,1.17
2017-01-03,1456.82,-26.03,-1.76
2017-01-04,1457.82,1.00,0.07
2017-01-05,1454.14,-3.68,-0.25
2017-01-08,1447.45,-6.69,-0.46
2017-01-09,1458.97,11.52,0.80
2017-01-10,1476.90,17.93,1.23
2017-01-11,1476.51,-0.39,-0.03
2017-01-12,1479.86,3.35,0.23
2017-01-15,1477.72,-2.14,-0.14
2017-01-16,1466.09,-11.63,-0.79
2017-01-17,1463.04,-3.05,-0.21
2017-01-18,1462.23,-0.81,-0.06
2017-01-19,1462.56,0.33,0.02
2017-01-22,1465.84,3.28,0.22
2017-01-23,1457.88,-7.96,-0.54
2017-01-24,1432.99,-24.89,-1.71
2017-01-25,1396.61,-36.38,-2.54
2017-01-26,1375.14,-21.47,-1.54
2017-01-30,1309.70,-65.44,-4.76
2017-01-31,1326.60,16.90,1.29
2017-02-01,1389.83,63.23,4.77
2017-02-02,1382.45,-7.38,-0.53
2017-02-05,1364.50,-17.95,-1.30
2017-02-06,1348.84,-15.66,-1.15
2017-02-07,1344.60,-4.24,-0.31
2017-02-08,1322.98,-21.62,-1.61
2017-02-09,1296.23,-26.75,-2.02
2017-02-12,1252.50,-43.73,-3.37
2017-02-13,1278.98,26.48,2.11
2017-02-14,1274.97,-4.01,-0.31
2017-02-15,1316.80,41.83,3.28
2017-02-16,1343.85,27.05,2.05
2017-02-19,1369.35,25.50,1.90
2017-02-20,1365.11,-4.24,-0.31
2017-02-21,1357.57,-7.54,-0.55
2017-02-22,1344.11,-13.46,-0.99
2017-02-23,1337.46,-6.65,-0.49
2017-02-26,1313.01,-24.45,-1.83
2017-02-28,1299.29,-13.72,-1.04
2017-03-01,1316.80,17.51,1.35
2017-03-02,1329.41,12.61,0.96
2017-03-07,1341.56,-16.85,-1.24
2017-03-09,1347.53,5.97,0.45
2017-03-13,1355.23,7.70,0.57
2017-03-14,1347.09,-8.14,-0.60
2017-03-15,1356.13,9.04,0.67
2017-03-16,1357.34,1.21,0.09
2017-03-19,1382.19,24.85,1.83
2017-03-20,1424.38,42.19,3.05
2017-03-21,1462.23,37.85,2.66
2017-03-22,1481.08,18.85,1.29
2017-03-23,1486.04,4.96,0.33
2017-03-26,1533.83,47.79,3.22
2017-03-28,1610.62,76.79,5.01
2017-03-29,1588.29,-22.33,-1.39
2017-03-30,1587.64,-0.65,-0.04
2017-04-02,1667.11,79.47,5.01
2017-04-03,1660.52,-6.59,-0.40
2017-04-04,1657.02,-3.50,-0.21
2017-04-06,1651.04,-5.98,-0.36
2017-04-09,1651.60,0.56,0.03
2017-04-10,1676.22,24.62,1.49
2017-04-11,1709.82,33.60,2.00
2017-04-12,1703.07,-6.75,-0.39
2017-04-13,1697.13,-5.94,-0.35
2017-04-16,1651.61,-45.52,-2.68
2017-04-18,1612.04,-39.57,-2.40
2017-04-19,1662.02,49.98,3.10
2017-04-20,1658.34,-3.68,-0.22
2017-04-23,1693.72,35.38,2.13
2017-04-24,1675.78,-17.94,-1.06
2017-04-25,1672.38,-3.40,-0.20
2017-04-26,1670.30,-2.08,-0.12
2017-04-27,1670.62,0.32,0.02
2017-04-30,1650.78,-19.84,-1.19
2017-05-02,1658.33,7.55,0.46
2017-05-03,1662.38,4.05,0.24
2017-05-04,1653.18,-9.20,-0.55
2017-05-07,1628.98,-24.20,-1.46
2017-05-08,1637.30,8.32,0.51
2017-05-09,1650.81,13.51,0.83
2017-05-11,1658.58,7.77,0.47
2017-05-15,1659.23,0.65,0.04
2017-05-16,1649.24,-9.99,-0.60
2017-05-17,1644.26,-4.98,-0.30
2017-05-18,1643.87,-0.39,-0.02
2017-05-21,1627.24,-16.63,-1.01
2017-05-22,1616.40,-10.84,-0.67
2017-05-23,1626.51,10.11,0.63
2017-05-24,1629.58,3.07,0.19
2017-05-28,1615.58,-14.00,-0.86
2017-05-30,1594.43,-21.15,-1.31
2017-05-31,1608.11,13.68,0.86
2017-06-01,1604.31,-3.80,-0.24
2017-06-04,1593.81,-10.50,-0.65
2017-06-05,1602.65,8.84,0.55
2017-06-06,1637.37,34.72,2.17
2017-06-07,1623.13,-14.24,-0.87
2017-06-08,1615.19,-7.94,-0.49
2017-06-11,1590.49,-24.70,-1.53
2017-06-12,1580.52,-9.97,-0.63
2017-06-13,1585.15,4.63,0.29
2017-06-14,1584.49,-0.66,-0.04
2017-06-15,1589.59,5.10,0.32
2017-06-18,1575.98,-13.61,-0.86
2017-06-19,1555.16,-20.82,-1.32
2017-06-20,1551.07,-4.09,-0.26
2017-06-21,1554.69,3.62,0.23
2017-06-22,1559.49,4.80,0.31
2017-06-25,1567.72,8.23,0.53
2017-06-27,1565.09,-2.63,-0.17
2017-06-28,1563.81,-1.28,-0.08
2017-07-02,1541.82,-21.99,-1.41
2017-07-03,1544.29,2.47,0.16
2017-07-04,1541.28,-3.01,-0.19
2017-07-05,1551.06,9.78,0.63
2017-07-06,1582.11,31.05,2.00
2017-07-09,1584.15,2.04,0.13
2017-07-10,1575.22,-8.93,-0.56
2017-07-11,1585.01,9.79,0.62
2017-07-12,1587.56,2.55,0.16
2017-07-13,1582.67,-4.89,-0.31
2017-07-16,1583.57,0.90,0.06
2017-07-17,1604.15,20.58,1.30
2017-07-18,1638.41,34.26,2.14
2017-07-19,1637.27,-1.14,-0.07
2017-07-20,1635.75,-1.52,-0.09
2017-07-23,1635.56,-0.19,-0.01
2017-07-24,1629.08,-6.48,-0.40
2017-07-25,1636.19,7.11,0.44
2017-07-26,1645.03,8.84,0.54
2017-07-27,1646.53,1.50,0.09
2017-07-30,1643.28,-3.25,-0.20
2017-07-31,1652.69,9.41,0.57
2017-08-01,1660.25,7.56,0.46
2017-08-02,1662.74,2.49,0.15
2017-08-03,1660.58,-2.16,-0.13
2017-08-06,1665.05,4.47,0.27
2017-08-07,1667.94,2.89,0.17
2017-08-09,1661.72,-6.22,-0.37
2017-08-10,1653.53,-8.19,-0.49
2017-08-13,1642.13,-11.40,-0.69
2017-08-15,1629.16,-12.97,-0.79
2017-08-16,1632.66,3.50,0.21
2017-08-17,1629.75,-2.91,-0.18
2017-08-20,1617.97,-11.78,-0.72
2017-08-21,1611.57,-6.40,-0.40
2017-08-22,1614.05,2.48,0.15
2017-08-23,1611.27,-2.78,-0.17
2017-08-24,1617.81,6.54,0.41
2017-08-27,1622.32,4.51,0.28
2017-08-28,1612.91,-9.41,-0.58
2017-08-30,1598.36,-14.55,-0.90
2017-08-31,1580.03,-18.33,-1.15
2017-09-04,1554.56,-25.47,-1.61
2017-09-06,1566.50,11.94,0.77
2017-09-07,1554.55,-11.95,-0.76
2017-09-10,1519.66,-34.89,-2.24
2017-09-11,1523.26,3.60,0.24
2017-09-12,1502.20,-21.06,-1.38
2017-09-13,1493.20,-9.00,-0.60
2017-09-14,1530.31,37.11,2.49
2017-09-17,1547.94,17.63,1.15
2017-09-18,1543.70,-4.24,-0.27
2017-09-20,1539.81,-3.89,-0.25
2017-09-24,1536.92,-2.89,-0.19
2017-09-25,1545.44,8.52,0.55
2017-09-26,1549.46,4.02,0.26
2017-10-03,1556.35,6.89,0.44
2017-10-04,1542.65,-13.70,-0.88
2017-10-08,1510.01,-32.64,-2.12
2017-10-09,1501.89,-8.12,-0.54
2017-10-10,1502.63,0.74,0.05
2017-10-11,1505.99,3.36,0.22
2017-10-12,1510.02,4.03,0.27
2017-10-15,1518.28,8.26,0.55
2017-10-16,1564.90,46.62,3.07
2017-10-17,1559.18,-5.72,-0.37
2017-10-18,1568.35,9.17,0.59
2017-10-22,1571.92,3.57,0.23
2017-10-23,1568.30,-3.62,-0.23
2017-10-24,1567.64,-0.66,-0.04
2017-10-25,1553.72,-13.92,-0.89
2017-10-29,1540.23,-13.49,-0.87
2017-10-30,1536.72,-3.51,-0.23
2017-10-31,1533.53,-3.19,-0.21
2017-11-01,1526.51,-7.02,-0.46
2017-11-02,1522.81,-3.70,-0.24
2017-11-05,1496.46,-26.35,-1.73
2017-11-06,1493.42,-3.04,-0.20
2017-11-07,1484.45,-8.97,-0.60
2017-11-08,1466.62,-17.83,-1.20
2017-11-09,1460.73,-5.89,-0.40
2017-11-12,1477.14,16.41,1.12
2017-11-13,1490.88,13.74,0.93
2017-11-14,1516.02,25.14,1.69
2017-11-15,1504.79,-11.23,-0.74
2017-11-16,1489.06,-15.73,-1.05
2017-11-19,1475.72,-13.34,-0.90
2017-11-20,1469.16,-6.56,-0.44
2017-11-21,1472.24,3.08,0.21
2017-11-22,1480.26,8.02,0.54
2017-11-23,1493.29,13.03,0.88
2017-11-26,1514.34,21.05,1.41
2017-11-27,1513.74,-0.60,-0.04
2017-11-28,1523.86,10.12,0.67
2017-11-29,1536.12,12.26,0.80
2017-11-30,1537.67,1.55,0.10
2017-12-04,1526.77,-10.90,-0.71
2017-12-05,1524.87,-1.90,-0.12
2017-12-06,1536.54,11.67,0.77
2017-12-10,1530.49,-6.05,-0.39
2017-12-11,1527.75,-2.74,-0.18
2017-12-12,1510.21,-17.54,-1.15
2017-12-13,1520.74,10.53,0.70
2017-12-14,1518.03,-2.71,-0.18
2017-12-17,1509.14,-11.01,-0.72
2017-12-18,1508.25,-0.89,-0.06
2017-12-19,1493.76,-14.49,-0.96
2017-12-20,1484.47,-9.29,-0.62
2017-12-21,1472.15,-12.32,-0.83
2017-12-24,1467.68,-4.47,-0.30
2017-12-26,1447.04,-20.64,-1.41
2017-12-27,1425.51,-21.53,-1.49
2017-12-28,1414.78,-10.73,-0.75
2017-12-31,1390.58,-24.20,-1.71
2018-01-01,1434.80,44.22,3.18
2018-01-02,1437.24,2.44,0.17
2018-01-03,1416.61,-20.63,-1.44
2018-01-04,1423.83,7.22,0.51
2018-01-07,1431.80,7.97,0.56
2018-01-08,1443.80,12.00,0.84
2018-01-09,1456.07,12.27,0.85
2018-01-10,1440.29,-15.78,-1.08
2018-01-14,1431.10,-9.19,-0.64
2018-01-16,1413.71,-17.39,-1.22
2018-01-17,1406.52,-7.19,-0.51
2018-01-21,1402.67,-3.85,-0.27
2018-01-22,1402.09,-0.58,-0.04
2018-01-23,1393.04,-9.05,-0.65
2018-01-24,1394.73,1.69,0.12
2018-01-25,1404.53,9.80,0.70
2018-01-28,1405.95,1.42,0.10
2018-01-29,1402.23,-3.72,-0.26
2018-01-31,1404.49,2.26,0.16
2018-02-01,1411.52,7.03,0.50
2018-02-04,1410.51,-1.01,-0.07
2018-02-05,1400.05,-10.46,-0.74
2018-02-06,1394.03,-6.02,-0.43
2018-02-07,1382.02,-12.01,-0.86
2018-02-08,1391.03,9.01,0.65
2018-02-11,1384.71,-6.32,-0.45
2018-02-12,1380.29,-4.42,-0.32
2018-02-14,1388.94,8.65,0.63
2018-02-15,1424.95,36.01,2.59
2018-02-18,1413.89,-11.06,-0.78
2018-02-20,1396.72,-17.18,-1.22
2018-02-21,1387.08,-9.64,-0.69
2018-02-22,1386.98,-0.10,-0.01
2018-02-25,1374.73,-12.25,-0.88
2018-02-26,1358.95,-15.78,-1.15
2018-02-27,1364.81,5.86,0.43
2018-02-28,1345.99,-18.82,-1.38
2018-03-04,1304.43,-41.56,-3.09
2018-03-05,1287.74,-16.69,-1.28
2018-03-06,1296.44,8.70,0.68
2018-03-07,1315.13,18.69,1.44
2018-03-11,1284.09,-31.04,-2.36
2018-03-12,1277.01,-7.08,-0.55
2018-03-13,1281.90,4.89,0.38
2018-03-14,1285.96,4.06,0.32
2018-03-15,1288.36,2.40,0.19
2018-03-18,1278.96,-9.40,-0.73
2018-03-19,1270.52,-8.44,-0.66
2018-03-20,1255.47,-15.05,-1.18
2018-03-21,1231.07,-24.40,-1.94
2018-03-22,1220.44,-10.63,-0.86
2018-03-26,1168.55,-51.89,-4.25
2018-03-27,1207.71,39.16,3.35
2018-03-28,1204.81,-2.90,-0.24
2018-03-29,1220.29,15.48,1.28
2018-04-01,1196.24,-24.05,-1.97
2018-04-02,1192.96,-3.28,-0.27
2018-04-03,1199.00,6.04,0.51
2018-04-04,1226.45,27.45,2.29
2018-04-05,1250.39,23.94,1.95
2018-04-08,1294.65,44.26,3.54
2018-04-09,1287.78,-6.87,-0.53
2018-04-10,1270.23,-17.55,-1.36
2018-04-11,1273.33,3.10,0.24
2018-04-12,1277.55,4.22,0.33
2018-04-15,1280.15,2.60,0.20
2018-04-16,1297.57,17.42,1.36
2018-04-17,1331.18,33.61,2.59
2018-04-18,1363.01,31.83,2.39
2018-04-19,1388.31,25.30,1.86
2018-04-22,1438.49,50.18,3.61
2018-04-23,1410.85,-27.64,-1.92
2018-04-24,1394.86,-15.99,-1.13
2018-04-25,1386.47,-8.39,-0.60
2018-04-26,1357.22,-29.25,-2.11
2018-04-29,1349.01,-8.21,-0.60
2018-05-02,1360.38,11.37,0.84
2018-05-03,1366.15,5.77,0.42
2018-05-06,1353.64,-12.51,-0.92
2018-05-07,1345.37,-8.27,-0.61
2018-05-08,1361.02,15.65,1.16
2018-05-09,1356.15,-4.87,-0.36
2018-05-10,1348.45,-7.70,-0.57
2018-05-14,1338.17,-10.28,-0.76
2018-05-15,1333.85,-4.32,-0.32
2018-05-16,1338.01,4.16,0.31
2018-05-17,1339.65,1.64,0.12
2018-05-20,1339.19,-0.46,-0.03
2018-05-21,1337.13,-2.06,-0.15
2018-05-22,1332.82,-4.31,-0.32
2018-05-23,1328.27,-4.55,-0.34
2018-05-24,1318.22,-10.05,-0.76
2018-05-27,1300.41,-17.81,-1.35
2018-05-28,1336.39,35.98,2.77
2018-05-29,1327.21,-9.18,-0.69
2018-05-30,1322.27,-4.94,-0.37
2018-05-31,1307.66,-14.61,-1.10
2018-06-03,1273.95,-33.71,-2.58
2018-06-04,1268.84,-5.11,-0.40
2018-06-06,1282.75,13.91,1.10
2018-06-07,1257.07,-25.68,-2.00
2018-06-10,1231.64,-25.43,-2.02
2018-06-11,1241.19,9.55,0.78
2018-06-12,1239.26,-1.93,-0.16
2018-06-13,1242.07,2.81,0.23
2018-06-14,1247.30,5.23,0.42
2018-06-17,1233.23,-14.07,-1.13
2018-06-18,1235.15,1.92,0.16
2018-06-19,1226.18,-8.97,-0.73
2018-06-20,1217.84,-8.34,-0.68
2018-06-21,1218.46,0.62,0.05
2018-06-24,1219.81,1.35,0.11
2018-06-25,1210.09,-9.72,-0.80
2018-06-26,1194.80,-15.29,-1.26
2018-06-27,1199.42,4.62,0.39
2018-06-28,1198.54,-0.88,-0.07
2018-07-01,1184.53,-14.01,-1.17
2018-07-02,1179.71,-4.82,-0.41
2018-07-03,1180.36,0.65,0.06
2018-07-04,1188.40,8.04,0.68
2018-07-05,1224.41,36.01,3.03
2018-07-08,1224.39,-0.02,0.00
2018-07-09,1206.43,-17.96,-1.47
2018-07-10,1205.93,-0.50,-0.04
2018-07-11,1205.64,-0.29,-0.02
2018-07-12,1191.98,-13.66,-1.13
2018-07-15,1200.09,8.11,0.68
2018-07-16,1212.36,12.27,1.02
2018-07-17,1204.31,-8.05,-0.66
2018-07-18,1198.75,-5.56,-0.46
2018-07-19,1193.39,-5.38,-0.45
2018-07-22,1181.66,-11.73,-0.98
2018-07-23,1194.50,12.84,1.09
2018-07-24,1199.27,4.77,0.40
2018-07-25,1194.35,-4.92,-0.41
2018-07-26,1191.20,-3.15,-0.26
2018-07-29,1194.82,3.62,0.30
2018-07-30,1194.38,-0.44,-0.04
2018-07-31,1191.47,-2.91,-0.24
2018-08-01,1193.87,2.40,0.20
2018-08-02,1191.31,-2.56,-0.21
2018-08-05,1189.88,-1.43,-0.12
2018-08-06,1189.67,-0.21,-0.02
2018-08-07,1188.21,-1.46,-0.12
2018-08-08,1187.32,-0.89,-0.07
2018-08-09,1180.63,-6.69,-0.56
2018-08-12,1163.94,-16.69,-1.41
2018-08-13,1174.37,10.43,0.90
2018-08-14,1180.98,6.61,0.56
2018-08-15,1209.71,28.73,2.43
2018-08-16,1210.32,0.61,0.05
2018-08-19,1196.29,-14.03,-1.16
2018-08-20,1188.07,-8.22,-0.69
2018-08-21,1183.89,-4.18,-0.35
2018-08-22,1182.42,-1.47,-0.12
2018-08-23,1178.50,-3.92,-0.33
2018-08-26,1175.72,-2.78,-0.24
2018-08-28,1177.09,1.37,0.12
2018-08-29,1172.30,-4.79,-0.41
2018-08-30,1181.69,9.39,0.80
2018-09-02,1190.28,8.59,0.73
2018-09-03,1206.26,15.98,1.34
2018-09-04,1210.24,3.98,0.33
2018-09-05,1234.13,23.89,1.97
2018-09-06,1229.77,-4.36,-0.35
2018-09-09,1218.98,-10.79,-0.88
2018-09-10,1210.88,-8.10,-0.66
2018-09-11,1217.65,6.77,0.56
2018-09-12,1230.71,13.06,1.07
2018-09-13,1244.84,14.13,1.15
2018-09-16,1256.53,11.69,0.94
2018-09-17,1256.40,-0.13,-0.01
2018-09-18,1258.81,2.41,0.19
2018-09-20,1255.07,-3.74,-0.30
2018-09-23,1257.68,2.61,0.21
2018-09-25,1280.05,22.37,1.78
2018-09-26,1277.74,-2.31,-0.18
2018-09-27,1267.18,-10.56,-0.83
2018-09-30,1256.71,-10.47,-0.83
2018-10-01,1238.67,-18.04,-1.44
2018-10-02,1241.36,2.69,0.22
2018-10-03,1230.60,-10.76,-0.87
2018-10-04,1227.37,-3.23,-0.26
2018-10-07,1214.36,-13.01,-1.06
2018-10-08,1220.52,6.16,0.51
2018-10-09,1217.93,-2.59,-0.21
2018-10-10,1218.33,0.40,0.03
2018-10-11,1228.28,9.95,0.82
2018-10-14,1242.43,14.15,1.15
2018-10-15,1241.63,-0.80,-0.06
2018-10-21,1246.52,4.89,0.39
2018-10-22,1244.54,-1.98,-0.16
2018-10-23,1241.84,-2.70,-0.22
2018-10-24,1249.93,8.09,0.65
2018-10-25,1241.11,-8.82,-0.71
2018-10-28,1227.49,-13.62,-1.10
2018-10-29,1216.93,-10.56,-0.86
2018-10-30,1224.36,7.43,0.61
2018-10-31,1221.46,-2.90,-0.24
2018-11-01,1220.98,-0.48,-0.04
2018-11-04,1207.28,-13.70,-1.12
2018-11-05,1219.20,11.92,0.99
2018-11-06,1222.53,3.33,0.27
2018-11-11,1205.22,-17.31,-1.42
2018-11-12,1193.34,-12.44,-1.03
2018-11-13,1207.57,14.24,1.19
2018-11-14,1208.89,1.32,0.11
2018-11-15,1205.02,-3.88,-0.32
2018-11-18,1194.87,-10.14,-0.84
2018-11-19,1189.56,-5.90,-0.49
2018-11-20,1181.66,-8.54,-0.72
2018-11-21,1182.74,1.00,0.08
2018-11-22,1181.41,-1.14,-0.10
2018-11-25,1166.43,-14.82,-1.25
2018-11-26,1160.28,-6.35,-0.54
2018-11-27,1161.43,1.61,0.14
2018-11-28,1159.38,-2.10,-0.18
2018-11-29,1148.70,-10.37,-0.89
2018-12-02,1130.63,-17.73,-1.54
2018-12-03,1131.73,0.90,0.08
2018-12-04,1142.01,10.27,0.91
2018-12-06,1120.84,2.70,0.24
2018-12-09,1131.70,10.85,0.68
2018-12-10,1144.19,12.49,1.10
2018-12-11,1141.10,-3.08,-0.27
2018-12-12,1141.18,0.08,0.01
2018-12-13,1148.78,7.60,0.67
2018-12-16,1167.67,18.89,1.64
2018-12-17,1182.78,15.17,1.30
2018-12-18,1168.17,-14.61,-1.24
2018-12-19,1162.70,-5.46,-0.47
2018-12-20,1165.97,3.28,0.28
2018-12-23,1198.18,32.24,2.77
2018-12-24,1191.74,-6.45,-0.54
2018-12-25,1186.03,-5.71,-0.48
2018-12-26,1216.27,30.26,2.55
2018-12-30,1204.54,-10.62,-0.87
2018-12-31,1187.28,-17.26,-1.43
2019-01-01,1185.91,-1.36,-0.12
2019-01-02,1180.43,-5.42,-0.46
2019-01-03,1178.87,-1.56,-0.13
2019-01-06,1170.79,-7.22,-0.61
2019-01-07,1177.46,6.67,0.57
2019-01-08,1177.07,-0.40,-0.03
2019-01-09,1179.36,2.29,0.19
2019-01-10,1180.84,1.48,0.13
2019-01-13,1175.05,-5.78,-0.49
2019-01-14,1186.80,11.74,1.00
2019-01-15,1195.54,17.51,1.49
2019-01-16,1187.97,-7.57,-0.63
2019-01-17,1187.77,-0.20,-0.02
2019-01-20,1179.17,-8.60,-0.72
2019-01-21,1168.06,-10.86,-0.92
2019-01-22,1168.83,0.78,0.07
2019-01-23,1172.98,4.15,0.35
2019-01-24,1172.78,-0.20,-0.02
2019-01-27,1162.09,-10.68,-0.91
2019-01-28,1164.89,2.79,0.24
2019-01-29,1160.99,-3.89,-0.33
2019-01-30,1160.59,-0.40,-0.03
2019-01-31,1161.63,1.04,0.09
2019-02-03,1153.06,-8.57,-0.74
2019-02-04,1144.27,-8.85,-0.77
2019-02-05,1147.10,2.83,0.25
2019-02-06,1139.72,-7.38,-0.64
2019-02-07,1139.57,-0.15,-0.01
2019-02-10,1127.53,-12.05,-1.06
2019-02-11,1128.86,1.34,0.12
2019-02-12,1128.19,-0.67,-0.06
2019-02-13,1121.08,-7.11,-0.63
2019-02-14,1112.87,-8.21,-0.73
2019-02-17,1109.72,-3.15,-0.28
2019-02-18,1102.51,-7.21,-0.65
2019-02-19,1124.96,22.44,2.04
2019-02-20,1112.23,-12.72,-1.13
2019-02-21,1113.07,0.84,0.08
2019-02-24,1102.32,-10.75,-0.97
2019-02-25,1109.73,7.41,0.67
2019-02-26,1102.56,-7.17,-0.65
2019-02-27,1105.53,2.97,0.27
2019-03-03,1100.58,-4.95,-0.45
2019-03-05,1102.64,2.06,0.19
2019-03-06,1111.76,9.12,0.83
2019-03-07,1127.77,16.01,1.44
2019-03-10,1128.71,0.94,0.08
2019-03-11,1142.93,14.28,1.26
2019-03-12,1163.26,20.33,1.78
2019-03-13,1150.10,-13.16,-1.13
2019-03-14,1155.50,5.40,0.47
2019-03-17,1161.45,5.99,0.52
2019-03-18,1153.98,-7.47,-0.64
2019-03-19,1147.15,-6.83,-0.59
2019-03-21,1140.60,-6.86,-0.60
2019-03-24,1134.80,-5.78,-0.51
2019-03-25,1138.67,3.87,0.34
2019-03-26,1140.72,2.07,0.18
2019-03-27,1140.71,0.00,-0.00
2019-03-28,1144.53,2.01,0.18
2019-03-31,1143.59,-0.91,-0.08
2019-04-01,1149.99,6.43,0.56
2019-04-02,1163.47,13.72,1.19
2019-04-03,1165.84,2.01,0.17
2019-04-04,1165.20,-0.64,-0.05
2019-04-07,1182.36,17.16,1.47
2019-04-08,1191.68,9.32,0.79
2019-04-09,1181.10,-10.58,-0.89
2019-04-10,1184.61,3.52,0.30
2019-04-11,1184.02,-0.59,-0.05
2019-04-15,1188.71,4.70,0.40
2019-04-16,1212.05,23.33,1.96
2019-04-17,1217.04,4.99,0.41
2019-04-18,1232.26,15.22,1.25
2019-04-21,1264.20,31.89,2.59
2019-04-22,1256.94,-7.26,-0.57
2019-04-23,1260.68,3.74,0.30
2019-04-24,1279.29,19.14,1.52
2019-04-25,1292.12,12.83,1.00
2019-04-28,1314.51,22.39,1.73
2019-04-29,1310.31,-4.21,-0.32
2019-04-30,1298.60,-11.70,-0.89
2019-05-02,1294.39,-4.21,-0.32
2019-05-05,1277.68,-16.71,-1.29
2019-05-06,1299.41,21.73,1.70
2019-05-07,1301.28,1.87,0.14
2019-05-08,1297.60,-3.68,-0.28
2019-05-09,1291.96,-5.64,-0.43
2019-05-12,1295.03,3.07,0.24
2019-05-13,1301.34,6.30,0.49
2019-05-14,1315.45,14.12,1.08
2019-05-15,1321.00,5.55,0.42
2019-05-16,1318.71,-2.29,-0.17
2019-05-19,1316.84,-1.87,-0.14
2019-05-20,1307.71,-9.13,-0.69
2019-05-21,1312.14,4.42,0.34
2019-05-22,1319.63,7.49,0.57
2019-05-23,1314.55,-5.08,-0.39
2019-05-26,1302.61,-11.93,-0.91
2019-05-27,1302.96,0.34,0.03
2019-05-28,1305.49,2.53,0.19
2019-05-29,1313.88,8.39,0.64
2019-05-30,1319.47,5.58,0.42
2019-06-02,1305.68,-13.79,-1.04
2019-06-03,1292.84,-12.84,-0.98
2019-06-04,1289.28,-3.56,-0.28
2019-06-06,1284.59,-4.69,-0.36
2019-06-10,1275.82,-8.77,-0.68
2019-06-11,1275.99,0.17,0.01
2019-06-12,1272.49,-3.50,-0.27
2019-06-13,1269.56,-2.92,-0.23
2019-06-16,1258.27,-11.36,-0.89
2019-06-17,1260.90,2.63,0.21
2019-06-18,1258.67,-2.23,-0.18
2019-06-19,1258.47,-0.20,-0.02
2019-06-20,1264.36,5.90,0.47
2019-06-23,1254.35,-10.01,-0.79
2019-06-24,1260.10,5.75,0.46
2019-06-25,1261.07,0.96,0.08
2019-06-26,1258.29,-2.78,-0.22
2019-06-27,1257.16,-1.14,-0.09
2019-06-30,1244.89,-12.27,-0.98
2019-07-01,1242.04,-2.86,-0.23
2019-07-02,1253.06,11.02,0.89
2019-07-03,1268.68,15.62,1.25
2019-07-04,1260.47,-8.27,-0.65
2019-07-07,1256.05,-4.45,-0.35
2019-07-08,1247.35,-8.70,-0.69
2019-07-09,1250.27,2.92,0.23
2019-07-10,1249.15,-1.12,-0.09
2019-07-11,1248.53,-0.62,-0.05
2019-07-14,1249.49,0.95,0.08
2019-07-15,1254.57,5.08,0.41
2019-07-16,1259.02,4.45,0.35
2019-07-17,1274.86,15.85,1.26
2019-07-18,1272.50,-2.37,-0.19
2019-07-21,1268.75,-3.75,-0.29
2019-07-22,1271.23,2.48,0.20
2019-07-23,1277.17,5.94,0.47
2019-07-24,1284.07,6.90,0.54
2019-07-25,1269.92,-14.15,-1.10
2019-07-28,1252.81,-17.11,-1.35
2019-07-29,1255.99,3.18,0.25
2019-07-30,1259.38,3.39,0.27
2019-07-31,1265.58,6.20,0.49
2019-08-01,1263.84,-1.74,-0.14
2019-08-04,1259.64,-4.20,-0.33
2019-08-05,1255.10,-4.55,-0.36
2019-08-06,1245.73,-9.36,-0.75
2019-08-07,1248.49,2.75,0.22
2019-08-08,1238.56,-9.92,-0.79
2019-08-11,1233.72,-4.84,-0.39
2019-08-12,1233.85,0.13,0.01
2019-08-13,1231.07,-2.78,-0.23
2019-08-14,1225.90,-5.17,-0.42
2019-08-15,1224.04,-1.86,-0.15
2019-08-18,1214.83,-9.20,-0.75
2019-08-19,1222.07,7.23,0.60
2019-08-20,1213.64,-8.43,-0.69
2019-08-21,1214.06,0.42,0.03
2019-08-22,1213.07,-0.99,-0.08
2019-08-25,1209.62,-3.45,-0.28
2019-08-26,1203.13,-6.49,-0.54
2019-08-27,1208.01,4.87,0.41
2019-08-28,1197.75,-10.26,-0.85
2019-08-29,1196.42,-1.33,-0.11
2019-09-01,1184.79,-11.63,-0.97
2019-09-02,1170.34,-14.45,-1.22
2019-09-03,1190.91,20.57,1.76
2019-09-04,1194.77,3.87,0.32
2019-09-05,1191.07,-3.70,-0.31
2019-09-08,1178.46,-12.61,-1.06
2019-09-09,1168.92,-9.54,-0.81
2019-09-10,1166.67,-2.24,-0.19
2019-09-11,1163.21,-3.46,-0.30
2019-09-12,1157.89,-5.33,-0.46
2019-09-15,1140.02,-17.87,-1.54
2019-09-16,1123.84,-16.18,-1.42
2019-09-17,1150.74,26.91,2.39
2019-09-18,1173.43,22.68,1.97
2019-09-19,1155.30,-18.12,-1.54
2019-09-22,1139.26,-16.05,-1.39
2019-09-23,1140.99,1.73,0.15
2019-09-24,1134.57,-6.42,-0.56
2019-09-25,1131.53,-3.03,-0.27
2019-09-26,1129.81,-1.73,-0.15
2019-09-29,1125.15,-4.66,-0.41
2019-09-30,1135.57,10.42,0.93
2019-10-01,1145.69,10.13,0.89
2019-10-02,1140.71,-4.98,-0.43
2019-10-03,1149.40,8.69,0.76
2019-10-10,1149.01,-0.39,-0.03
2019-10-14,1136.96,-12.05,-1.05
2019-10-15,1142.05,5.08,0.45
2019-10-16,1137.04,-5.01,-0.44
2019-10-17,1137.75,0.71,0.06
2019-10-20,1133.72,-4.03,-0.35
2019-10-21,1132.40,-1.33,-0.12
2019-10-22,1134.80,2.40,0.21
2019-10-23,1142.60,7.79,0.69
2019-10-24,1149.34,6.73,0.59
2019-10-31,1146.17,-3.17,-0.28
2019-11-03,1139.29,-6.88,-0.60
2019-11-04,1140.26,0.97,0.09
2019-11-05,1139.46,-0.81,-0.07
2019-11-06,1138.02,-1.44,-0.13
2019-11-07,1131.97,-6.05,-0.53
2019-11-10,1131.80,-0.18,-0.02
2019-11-11,1145.57,13.77,1.22
2019-11-12,1139.96,-5.61,-0.49
2019-11-13,1135.16,-4.80,-0.42
2019-11-14,1135.95,0.79,0.07
2019-11-17,1131.36,-4.59,-0.40
2019-11-18,1131.13,-0.24,-0.02
2019-11-19,1129.99,-1.14,-0.10
2019-11-20,1128.34,-1.65,-0.15
2019-11-21,1120.60,-7.74,-0.69
2019-11-24,1110.08,-10.54,-0.94
2019-11-25,1110.08,0.00,-0.00
2019-11-26,1109.17,-0.91,-0.08
2019-11-27,1117.46,8.30,0.75
2019-11-28,1112.79,-4.67,-0.42
2019-12-01,1112.86,0.07,0.01
2019-12-02,1111.99,-0.86,-0.08
2019-12-03,1115.75,3.75,0.34
2019-12-04,1124.47,8.73,0.78
2019-12-05,1131.92,7.45,0.66
2019-12-08,1135.38,3.45,0.31
2019-12-09,1148.89,13.51,1.19
2019-12-10,1151.37,2.48,0.22
2019-12-11,1161.48,10.11,0.88
2019-12-12,1172.65,11.17,0.96
2019-12-15,1167.87,-4.78,-0.41
2019-12-16,1154.12,-13.75,-1.18
2019-12-17,1155.38,1.26,0.11
2019-12-18,1152.07,-3.30,-0.29
2019-12-19,1149.65,-2.42,-0.21
2019-12-22,1150.82,1.17,0.10
2019-12-23,1168.58,17.77,1.54
2019-12-24,1166.22,-2.37,-0.20
2019-12-25,1168.04,1.82,0.16
2019-12-26,1167.42,-0.62,-0.05
2019-12-29,1162.43,-4.99,-0.43
2019-12-30,1167.96,5.53,0.48
2019-12-31,1166.04,-1.92,-0.16
2020-01-01,1169.50,3.47,0.30
2020-01-02,1166.22,-3.29,-0.28
2020-01-05,1182.31,16.09,1.38
2020-01-06,1200.70,18.26,1.54
2020-01-07,1216.93,16.23,1.35
2020-01-08,1209.60,-7.32,-0.60
2020-01-09,1213.12,3.51,0.29
2020-01-12,1255.72,42.61,3.51
2020-01-13,1270.87,15.14,1.21
2020-01-14,1263.38,-7.48,-0.59
2020-01-15,1284.23,20.85,1.65
2020-01-16,1310.23,26.00,2.02
2020-01-19,1343.66,33.43,2.55
2020-01-20,1317.12,-26.54,-1.98
2020-01-21,1320.47,3.36,0.26
2020-01-22,1313.42,-7.05,-0.53
2020-01-23,1297.48,-15.95,-1.21
2020-01-26,1276.68,-20.79,-1.60
2020-01-27,1300.63,23.95,1.88
2020-01-28,1306.15,5.52,0.42
2020-01-29,1305.88,-0.27,-0.02
2020-01-30,1325.39,19.51,1.49
2020-02-02,1346.65,21.26,1.60
2020-02-03,1349.14,2.49,0.18
2020-02-04,1337.05,-12.09,-0.90
2020-02-05,1342.36,5.31,0.40
2020-02-06,1333.69,-8.67,-0.65
2020-02-09,1319.99,-13.70,-1.03
2020-02-10,1324.27,4.28,0.32
2020-02-11,1341.38,17.11,1.29
2020-02-12,1345.98,4.60,0.34
2020-02-13,1344.59,-1.39,-0.10
2020-02-16,1363.98,19.39,1.44
2020-02-17,1398.24,34.26,2.51
2020-02-18,1400.01,1.77,0.13
2020-02-19,1405.26,5.24,0.37
2020-02-20,1434.58,29.32,2.09
2020-02-23,1504.14,69.56,4.85
2020-02-24,1502.18,-1.96,-0.13
2020-02-25,1545.20,43.02,2.86
2020-02-26,1596.13,50.93,3.30
2020-02-27,1632.18,36.05,2.26
2020-03-01,1591.36,-40.82,-2.50
2020-03-02,1495.30,-96.06,-6.04
2020-03-03,1509.68,14.37,0.96
2020-03-04,1441.20,-68.47,-4.54
2020-03-05,1435.70,-5.50,-0.38
2020-03-10,1349.32,-86.39,-6.02
2020-03-11,1423.09,73.78,5.47
2020-03-12,1377.18,-45.91,-3.23
2020-03-15,1313.04,-64.14,-4.66
2020-03-16,1316.40,3.35,0.26
2020-03-17,1272.07,-44.33,-3.37
2020-03-18,1255.80,-16.26,-1.28
2020-03-19,1269.31,13.50,1.08
2020-03-22,1251.46,-18.20,-1.43
2020-05-12,1226.16,-25.30,-2.02
2020-05-13,1201.58,-24.58,-2.00
2020-06-29,1188.71,-12.87,-1.07
2020-06-30,1260.76,72.05,6.06
2020-07-01,1336.53,75.77,6.01
2020-07-06,1298.73,33.27,2.63
2020-07-07,1336.67,37.93,2.92
2020-07-08,1326.54,-10.13,-0.76
2020-07-09,1331.11,4.57,0.34
2020-07-12,1340.29,9.02,0.68
2020-07-13,1342.41,2.12,0.16
2020-07-14,1347.45,5.04,0.38
2020-07-15,1362.35,14.90,1.11
2020-07-16,1394.77,32.42,2.38
2020-07-19,1479.03,84.26,6.04
2020-07-20,1464.94,-14.09,-0.95
2020-07-21,1449.95,-14.99,-1.02
2020-07-22,1432.45,-17.50,-1.21
2020-07-23,1442.62,10.13,0.71
2020-07-26,1465.11,22.40,1.55
2020-07-27,1462.48,-2.62,-0.18
2020-07-28,1454.89,-7.59,-0.52
2020-07-29,1431.53,-23.36,-1.61
2020-07-30,1439.06,7.53,0.53
2020-08-02,1396.28,-42.78,-2.97
2020-08-03,1403.87,7.59,0.54
2020-08-05,1386.17,-17.69,-1.26
2020-08-06,1381.38,-1.29,-0.09
2020-08-09,1392.68,11.30,0.82
2020-08-10,1430.42,37.74,2.71
2020-08-11,1423.81,-6.61,-0.46
2020-08-12,1425.32,1.51,0.11
2020-08-13,1408.79,-16.53,-1.16
2020-08-16,1391.46,-17.33,-1.23
2020-08-17,1402.22,10.75,0.77
2020-08-18,1407.90,5.68,0.41
2020-08-19,1391.30,-16.60,-1.18
2020-08-20,1397.57,6.28,0.45
2020-08-23,1410.34,12.77,0.91
2020-08-24,1431.61,21.26,1.51
2020-08-25,1440.94,9.34,0.65
2020-08-26,1462.04,21.10,1.46
2020-08-27,1458.04,-4.00,-0.27
2020-08-30,1462.67,4.64,0.32
2020-08-31,1484.99,22.31,1.53
2020-09-02,1510.57,25.58,1.72
2020-09-03,1510.42,-0.15,-0.01
2020-09-06,1499.98,-10.45,-0.69
2020-09-07,1487.81,-12.17,-0.81
2020-09-08,1495.16,7.35,0.49
2020-09-09,1508.21,13.05,0.87
2020-09-10,1520.69,12.49,0.83
2020-09-13,1537.25,16.56,1.09
2020-09-14,1540.51,3.26,0.21
2020-09-15,1536.04,-4.47,-0.29
2020-09-16,1541.40,5.36,0.35
2020-09-17,1572.19,30.78,2.00
2020-09-20,1575.18,3.00,0.19
2020-09-21,1569.06,-6.12,-0.39
2020-09-22,1546.16,-22.91,-1.46
2020-09-23,1555.53,9.37,0.61
2020-09-24,1561.27,5.74,0.37
2020-09-27,1565.56,4.29,0.27
2020-09-28,1560.83,-4.73,-0.30
2020-09-29,1553.62,-7.21,-0.46
2020-09-30,1550.43,-3.19,-0.21
2020-10-01,1571.04,20.61,1.33
2020-10-04,1585.76,14.71,0.94
2020-10-05,1582.13,-3.63,-0.23
2020-10-06,1586.29,4.17,0.26
2020-10-07,1600.98,14.68,0.93
2020-10-08,1589.64,-11.34,-0.71
2020-10-11,1576.27,-13.37,-0.84
2020-10-12,1578.01,1.74,0.11
2020-10-13,1568.59,-9.42,-0.60
2020-10-14,1561.17,-7.42,-0.47
2020-10-15,1562.46,1.29,0.08
2020-10-18,1556.80,-5.66,-0.36
2020-10-19,1570.38,13.58,0.87
2020-10-20,1583.61,13.22,0.84
2020-10-21,1597.72,13.94,0.88
2020-10-22,1606.26,8.54,0.53
2020-10-28,1647.46,41.20,2.57
2020-10-29,1645.68,-1.78,-0.11
2020-11-01,1640.96,-4.72,-0.29
2020-11-02,1637.63,-3.33,-0.20
2020-11-03,1643.04,5.40,0.33
2020-11-04,1640.64,-2.39,-0.15
2020-11-05,1636.17,-4.47,-0.27
2020-11-08,1648.58,12.49,0.76
2020-11-09,1652.81,4.22,0.26
2020-11-10,1678.79,25.98,1.57
2020-11-11,1707.68,28.89,1.72
2020-11-12,1718.50,10.82,0.63
2020-11-18,1741.81,23.32,1.36
2020-11-19,1778.13,36.32,2.08
2020-11-22,1782.81,4.69,0.26
2020-11-23,1780.43,-2.38,-0.13
2020-11-24,1810.11,29.68,1.67
2020-11-25,1874.82,64.70,3.57
2020-11-26,1893.25,18.43,0.98
2020-11-29,1968.27,75.02,3.96
2020-11-30,1997.06,28.79,1.46
2020-12-01,2000.40,3.35,0.17
2020-12-02,2071.03,70.62,3.53
2020-12-03,2055.46,-15.57,-0.75
2020-12-06,1932.11,-123.34,-6.00
2020-12-07,2004.39,72.28,3.74
2020-12-08,1995.35,-9.04,-0.45
2020-12-09,1955.75,-39.60,-1.98
2020-12-10,1964.02,8.27,0.42
2020-12-13,2010.45,46.43,2.36
2020-12-14,2067.17,56.72,2.82
2020-12-15,2061.42,-5.75,-0.28
2020-12-16,2055.22,-6.20,-0.30
2020-12-17,2032.52,-22.70,-1.10
2020-12-20,1935.64,-96.88,-4.77
2020-12-21,1965.96,30.33,1.57
2020-12-22,2061.42,95.46,4.86
2020-12-23,2068.46,7.04,0.34
2020-12-24,2038.63,-29.83,-1.44
2020-12-27,1998.65,-39.98,-1.96
2020-12-28,2007.30,8.57,0.43
2020-12-29,2012.89,5.57,0.28
2020-12-30,2062.06,49.17,2.44
2020-12-31,2087.28,25.21,1.22
2021-01-03,2175.40,88.12,4.22
2021-01-04,2169.04,-6.36,-0.29
2021-01-05,2165.50,-3.54,-0.16
2021-01-06,2178.57,13.07,0.60
2021-01-07,2194.49,15.91,0.73
2021-01-10,2235.73,41.24,1.88
2021-01-11,2239.43,3.70,0.17
2021-01-12,2267.74,28.31,1.26
2021-01-13,2286.55,18.81,0.83
2021-01-17,2315.01,28.46,1.24
2021-01-18,2332.32,17.31,0.75
2021-01-19,2326.90,-5.57,-0.24
2021-01-20,2342.77,15.87,0.68
2021-01-21,2374.64,31.87,1.36
2021-01-24,2424.84,50.20,2.11
2021-01-25,2440.88,16.04,0.66
2021-01-26,2423.09,-17.79,-0.73
2021-01-27,2441.85,18.76,0.77
2021-01-28,2425.30,-16.55,-0.68
2021-01-31,2370.55,-54.75,-2.26
2021-02-01,2408.24,37.70,1.59
2021-02-02,2473.74,65.49,2.72
2021-02-03,2466.92,-6.81,-0.28
2021-02-04,2475.27,8.34,0.34
2021-02-07,2524.00,48.74,1.97
2021-02-08,2561.48,37.48,1.48
2021-02-09,2534.37,-27.11,-1.06
2021-02-10,2543.03,8.66,0.34
2021-02-11,2526.92,-16.11,-0.63
2021-02-14,2493.59,-33.33,-1.32
2021-02-15,2586.01,92.42,3.71
2021-02-16,2601.51,15.50,0.60
2021-02-17,2611.45,9.94,0.38
2021-02-18,2636.68,25.23,0.97
2021-02-21,2640.35,3.66,0.14
2021-02-22,2607.67,-32.67,-1.24
2021-02-23,2586.51,-21.16,-0.81
2021-02-24,2599.56,13.04,0.50
2021-02-25,2554.14,-44.94,-1.73
2021-02-28,2474.39,-79.74,-3.12
2021-03-01,2515.03,40.64,1.64
2021-03-02,2455.33,-59.70,-2.37
2021-03-03,2416.01,-39.23,-1.60
2021-03-04,2506.68,90.67,3.75
2021-03-07,2485.10,-21.58,-0.86
2021-03-09,2461.88,-23.22,-0.93
2021-03-10,2458.49,-3.40,-0.14
2021-03-14,2407.26,-51.23,-2.08
2021-03-15,2389.19,-18.07,-0.75
2021-03-16,2391.75,2.56,0.11
2021-03-17,2432.15,40.40,1.69
2021-03-18,2475.09,42.95,1.77
2021-03-21,2538.47,63.38,2.56
2021-03-22,2514.39,-24.08,-0.95
2021-03-23,2528.96,14.57,0.58
2021-03-24,2570.26,41.30,1.63
2021-03-25,2548.97,-21.29,-0.83
2021-03-29,2543.52,-5.45,-0.21
2021-03-30,2575.67,32.15,1.26
2021-03-31,2619.03,43.36,1.68
2021-04-01,2631.90,12.88,0.49
2021-04-04,2657.61,25.71,0.98
2021-04-05,2658.75,1.13,0.04
2021-04-06,2674.47,15.72,0.59
2021-04-07,2671.62,-2.85,-0.11
2021-04-08,2674.36,2.74,0.10
2021-04-12,2691.56,17.20,0.64
2021-04-13,2714.79,23.23,0.86
2021-04-15,2735.46,20.67,0.76
2021-04-18,2699.51,-35.89,-1.31
2021-04-19,2661.94,-37.58,-1.39
2021-04-20,2664.62,2.68,0.10
2021-04-21,2632.21,-32.41,-1.22
2021-04-22,2648.01,15.80,0.60
2021-04-25,2572.22,-75.79,-2.86
2021-04-26,2506.62,-65.58,-2.55
2021-04-27,2599.08,92.46,3.69
2021-04-28,2585.28,-13.79,-0.53
2021-04-29,2611.11,25.82,1.00
2021-05-02,2665.11,54.00,2.07
2021-05-03,2652.76,-12.35,-0.46
2021-05-04,2654.69,1.94,0.07
2021-05-05,2649.60,-5.09,-0.19
2021-05-06,2637.13,-12.47,-0.47
2021-05-09,2618.57,-18.56,-0.70
2021-05-10,2645.85,27.41,1.05
2021-05-11,2673.32,27.47,1.04
2021-05-12,2673.88,0.56,0.02
2021-05-13,2684.01,10.13,0.38
2021-05-16,2738.30,54.21,2.02
2021-05-17,2759.22,20.71,0.76
2021-05-18,2793.90,34.68,1.26
2021-05-19,2780.81,-13.09,-0.47
2021-05-20,2787.19,6.37,0.23
2021-05-23,2820.00,32.81,1.18
2021-05-24,2823.07,3.07,0.11
2021-05-25,2816.57,-6.50,-0.23
2021-05-27,2815.40,-1.20,-0.04
2021-05-30,2827.93,12.54,0.45
2021-05-31,2782.69,-45.25,-1.60
2021-06-01,2771.15,-11.68,-0.42
2021-06-02,2827.13,55.76,2.01
2021-06-03,2856.68,29.55,1.05
2021-06-06,2906.89,50.13,1.75
2021-06-07,2906.70,-0.21,-0.01
2021-06-08,2960.14,53.44,1.84
2021-06-09,2946.58,-13.56,-0.46
2021-06-10,2944.78,-1.80,-0.06
2021-06-13,2983.11,38.32,1.30
2021-06-14,3025.83,42.72,1.43
2021-06-15,3022.11,-3.72,-0.12
2021-06-16,2969.70,-52.41,-1.73
2021-06-17,2968.43,-1.29,-0.04
2021-06-20,2905.15,-63.28,-2.13
2021-06-21,2834.41,-71.06,-2.45
2021-06-22,2913.85,79.44,2.80
2021-06-23,2862.19,-51.65,-1.77
2021-06-24,2843.00,-16.96,-0.59
2021-06-27,2870.38,27.38,0.96
2021-06-28,2875.50,5.11,0.18
2021-06-29,2828.01,-47.49,-1.65
2021-06-30,2823.88,-4.13,-0.15
2021-07-01,2843.00,19.12,0.68
2021-07-04,2834.52,-8.48,-0.30
2021-07-05,2822.74,-11.78,-0.42
2021-07-06,2818.11,-5.24,-0.19
2021-07-07,2801.13,-16.97,-0.60
2021-07-08,2824.90,23.76,0.85
2021-07-11,2899.82,74.71,2.64
2021-07-12,2854.77,-45.06,-1.55
2021-07-13,2871.04,16.34,0.57
2021-07-14,2872.05,1.01,0.04
2021-07-15,2883.38,11.33,0.39
2021-07-18,2980.61,97.21,3.37
2021-07-19,2994.58,13.97,0.47
2021-07-20,2985.57,-9.01,-0.30
2021-07-22,3004.32,18.75,0.63
2021-07-25,3058.64,54.31,1.81
2021-07-26,3050.43,-8.24,-0.27
2021-07-27,3079.67,29.24,0.96
2021-07-28,3094.95,15.30,0.50
2021-07-29,3079.83,-15.11,-0.49
2021-08-01,3081.06,1.25,0.04
2021-08-02,3085.07,4.06,0.13
2021-08-03,3111.09,26.02,0.84
2021-08-04,3123.15,12.05,0.39
2021-08-05,3107.45,-16.00,-0.51
2021-08-08,3108.13,0.66,0.02
2021-08-09,3109.67,1.54,0.05
2021-08-10,3161.45,51.86,1.67
2021-08-11,3162.60,0.94,0.03
2021-08-12,3179.00,16.41,0.52
2021-08-15,3154.03,-24.88,-0.78
2021-08-16,3160.06,5.72,0.18
2021-08-17,3160.32,0.23,0.01
2021-08-18,3198.60,38.28,1.21
2021-08-19,3180.79,-18.24,-0.57
2021-08-24,3124.87,-56.03,-1.76
2021-08-25,3076.45,-48.42,-1.55
2021-08-26,3094.05,17.60,0.57
2021-08-29,3044.87,-49.18,-1.59
2021-08-31,2975.84,-69.05,-2.27
2021-09-01,2976.98,1.14,0.04
2021-09-02,2926.89,-50.13,-1.68
2021-09-05,2818.73,-108.26,-3.70
2021-09-06,2980.79,161.94,5.74
2021-09-07,2936.61,-44.18,-1.48
2021-09-08,2876.59,-60.02,-2.04
2021-09-09,2875.98,-0.62,-0.02
2021-09-12,2947.42,71.43,2.48
2021-09-13,2947.70,0.27,0.01
2021-09-14,2929.29,-18.54,-0.63
2021-09-15,2889.03,-40.26,-1.37
2021-09-16,2812.39,-76.65,-2.65
2021-09-20,2698.25,-114.02,-4.05
2021-09-21,2712.07,13.83,0.51
2021-09-22,2816.95,104.88,3.87
2021-09-23,2819.66,2.70,0.10
2021-09-26,2758.48,-61.27,-2.17
2021-09-27,2685.42,-73.05,-2.65
2021-09-28,2615.40,-70.01,-2.61
2021-09-29,2665.94,50.58,1.93
2021-09-30,2633.42,-32.51,-1.22
2021-10-03,2577.50,-55.93,-2.12
2021-10-04,2570.81,-6.68,-0.26
2021-10-05,2612.65,41.84,1.63
2021-10-06,2681.11,68.47,2.62
2021-10-10,2662.58,-18.53,-0.69
2021-10-11,2639.38,-23.19,-0.87
2021-10-17,2656.97,17.59,0.67
2021-10-18,2587.45,-69.51,-2.62
2021-10-19,2510.73,-77.33,-2.99
2021-10-20,2571.66,60.56,2.41
2021-10-21,2556.96,-14.70,-0.57
2021-10-24,2584.53,27.51,1.08
2021-10-25,2672.25,87.63,3.39
2021-10-26,2751.07,78.82,2.95
2021-10-27,2769.13,18.06,0.66
2021-10-28,2782.17,13.04,0.47
2021-10-31,2837.62,55.50,1.99
2021-11-01,2819.87,-17.75,-0.63
2021-11-02,2843.62,23.76,0.84
2021-11-03,2848.84,5.22,0.18
2021-11-08,2829.65,-19.20,-0.67
2021-11-09,2749.86,-79.79,-2.82
2021-11-11,2690.29,-59.57,-2.17
2021-11-14,2688.92,-1.38,-0.05
2021-11-15,2715.35,26.44,0.98
2021-11-16,2784.58,69.22,2.55
2021-11-17,2801.52,16.95,0.61
2021-11-18,2769.13,-32.39,-1.16
2021-11-21,2757.53,-11.60,-0.42
2021-11-22,2765.44,7.90,0.29
2021-11-23,2733.14,-32.29,-1.17
2021-11-24,2735.01,1.89,0.07
2021-11-25,2731.78,-3.22,-0.12
2021-11-28,2651.49,-80.29,-2.94
2021-11-29,2630.01,-21.48,-0.81
2021-11-30,2628.37,-1.64,-0.06
2021-12-01,2633.66,5.28,0.20
2021-12-02,2584.61,-49.04,-1.86
2021-12-05,2513.87,-72.32,-2.80
2021-12-06,2546.09,32.22,1.28
2021-12-07,2508.91,-37.18,-1.46
2021-12-08,2455.82,-53.09,-2.12
2021-12-09,2449.97,-5.84,-0.24
2021-12-12,2361.27,-88.70,-3.62
2021-12-13,2281.67,-79.57,-3.37
2021-12-14,2418.85,137.18,6.01
2021-12-15,2414.62,-4.23,-0.17
2021-12-16,2376.75,-37.87,-1.57
2021-12-20,2358.82,-17.93,-0.75
2021-12-21,2415.55,56.73,2.41
2021-12-22,2507.70,92.16,3.82
2021-12-23,2520.23,12.53,0.50
2021-12-26,2591.42,71.20,2.82
2021-12-27,2521.65,-69.77,-2.69
2021-12-28,2518.99,-2.66,-0.11
2021-12-29,2524.50,5.51,0.22
2022-01-02,2584.91,60.41,2.39
2022-01-03,2616.94,32.03,1.24
2022-01-04,2679.95,63.01,2.41
2022-01-05,2649.20,-30.75,-1.15
2022-01-06,2692.47,43.29,1.63
2022-01-09,2765.47,73.01,2.71
2022-01-10,2784.95,19.43,0.70
2022-01-11,2834.13,49.19,1.77
2022-01-12,2803.62,-30.51,-1.08
2022-01-13,2857.75,54.12,1.93
2022-01-16,2926.74,69.00,2.41
2022-01-17,2947.38,20.64,0.71
2022-01-18,2936.66,-10.78,-0.37
2022-01-19,2898.31,-38.35,-1.31
2022-01-20,2931.26,32.96,1.14
2022-01-23,2920.51,-10.83,-0.37
2022-01-24,2820.41,-100.10,-3.43
2022-01-25,2815.06,-5.59,-0.20
2022-01-26,2776.65,-38.42,-1.36
2022-01-27,2779.98,3.33,0.12
2022-01-30,2885.53,105.55,3.80
2022-01-31,2872.05,-13.48,-0.47
2022-02-01,2891.33,19.29,0.67
2022-02-03,2876.74,-14.60,-0.50
2022-02-06,2836.17,-40.57,-1.41
2022-02-07,2851.88,15.71,0.55
2022-02-08,2835.58,-16.30,-0.57
2022-02-09,2813.47,-22.11,-0.78
2022-02-10,2801.56,-11.96,-0.43
2022-02-13,2700.89,-100.67,-3.59
2022-02-14,2700.98,0.08,0.00
2022-02-15,2754.28,53.30,1.97
2022-02-16,2734.44,-19.84,-0.72
2022-02-17,2732.51,-1.94,-0.07
2022-02-20,2693.10,-39.40,-1.44
2022-02-21,2718.51,25.41,0.94
2022-02-22,2735.93,17.42,0.64
2022-02-23,2720.43,-15.50,-0.57
2022-02-24,2661.44,-58.99,-2.17
2022-02-27,2653.70,-7.73,-0.29
2022-02-28,2610.58,-43.12,-1.62
2022-03-02,2547.04,-63.54,-2.43
2022-03-06,2543.39,-3.66,-0.14
2022-03-07,2544.93,1.54,0.06
2022-03-09,2514.58,-30.36,-1.19
2022-03-10,2566.90,52.31,2.08
2022-03-13,2667.97,101.07,3.94
2022-03-14,2668.11,0.15,0.01
2022-03-15,2650.97,-17.15,-0.64
2022-03-16,2631.32,-19.65,-0.74
2022-03-20,2616.58,-14.67,-0.56
2022-03-21,2634.57,17.99,0.69
2022-03-22,2650.70,16.04,0.61
2022-03-23,2630.36,-20.34,-0.77
2022-03-24,2613.67,-16.69,-0.63
2022-03-27,2572.23,-41.43,-1.59
2022-03-28,2541.83,-30.43,-1.18
2022-03-29,2527.58,-14.26,-0.56
2022-03-30,2568.25,40.68,1.61
2022-03-31,2544.30,-23.95,-0.93
2022-04-03,2513.41,-30.89,-1.21
2022-04-04,2497.47,-15.94,-0.63
2022-04-05,2452.06,-46.46,-1.86
2022-04-06,2428.75,-23.32,-0.95
2022-04-07,2464.31,35.66,1.47
2022-04-11,2419.71,-44.64,-1.81
2022-04-12,2385.02,-34.78,-1.44
2022-04-13,2415.24,30.24,1.27
2022-04-17,2385.64,-29.60,-1.23
2022-04-18,2343.87,-41.77,-1.75
2022-04-19,2357.24,13.37,0.57
2022-04-20,2320.51,-36.73,-1.56
2022-04-21,2325.45,4.94,0.21
2022-04-24,2420.91,95.46,4.11
2022-04-25,2386.01,-34.95,-1.44
2022-04-26,2370.99,-15.02,-0.63
2022-04-27,2376.17,5.17,0.22
2022-04-28,2356.20,-19.97,-0.84
2022-05-02,2307.44,-48.73,-2.07
2022-05-04,2275.68,-31.76,-1.38
2022-05-05,2238.62,-37.06,-1.63
2022-05-08,2256.57,17.95,0.80
2022-05-09,2268.84,12.27,0.54
2022-05-10,2313.00,44.16,1.95
2022-05-11,2369.06,56.06,2.42
2022-05-12,2350.42,-18.64,-0.79
2022-05-17,2265.52,-84.90,-3.61
2022-05-18,2274.42,8.90,0.39
2022-05-19,2250.91,-23.51,-1.03
2022-05-20,2235.09,-15.82,-0.70
2022-05-23,2200.88,-34.21,-1.53
2022-05-24,2217.19,16.32,0.74
2022-05-25,2231.57,14.37,0.65
2022-05-26,2239.60,8.03,0.36
2022-05-27,2223.78,-15.82,-0.71
2022-05-30,2178.69,-45.09,-2.03
2022-05-31,2137.92,-35.53,-1.63
2022-06-01,2130.71,-7.21,-0.34
2022-06-02,2112.47,-18.26,-0.86
2022-06-03,2078.70,-33.76,-1.60
2022-06-06,2065.78,-12.92,-0.62
2022-06-07,2020.23,-45.59,-2.21
2022-06-08,2080.44,60.22,2.98
2022-06-09,2062.86,-17.58,-0.85
2022-06-10,2048.16,-14.64,-0.71
2022-06-13,2032.34,-15.82,-0.77
2022-06-14,1996.26,-36.07,-1.78
2022-06-15,1966.37,-29.89,-1.50
2022-06-16,1978.94,12.57,0.64
2022-06-17,1971.38,-7.56,-0.38
2022-06-19,1934.11,-37.27,-1.89
2022-06-20,1884.81,-49.31,-2.55
2022-06-21,1922.30,37.49,1.99
2022-06-22,1893.53,-31.21,-1.62
2022-06-23,1848.28,-45.25,-2.39
2022-06-24,1862.06,13.78,0.75
2022-06-26,1956.98,94.92,5.10
2022-06-27,1933.13,-23.85,-1.22
2022-06-28,1921.31,-11.82,-0.61
2022-06-29,1962.71,41.39,2.15
2022-06-30,2037.64,74.93,3.82
2022-07-01,2028.77,-8.87,-0.44
2022-07-03,2086.38,57.61,2.84
2022-07-04,2076.67,-9.75,-0.47
2022-07-05,2030.59,-46.08,-2.22
2022-07-06,2043.92,13.33,0.66
2022-07-07,2027.32,-16.60,-0.81
2022-07-08,1992.62,-34.70,-1.71
2022-07-11,1915.61,-77.01,-3.86
2022-07-12,1927.28,11.68,0.61
2022-07-13,1986.82,59.54,3.09
2022-07-14,2001.53,14.71,0.74
2022-07-15,2009.46,7.93,0.40
2022-07-17,2011.39,1.93,0.10
2022-07-18,2029.43,18.03,0.90
2022-07-19,2045.69,16.27,0.80
2022-07-20,2050.59,4.89,0.24
2022-07-21,2044.72,-5.87,-0.29
2022-07-22,2017.46,-27.26,-1.33
2022-07-24,2078.51,61.05,3.03
2022-07-25,2132.96,54.45,2.62
2022-07-26,2088.16,-44.80,-2.10
2022-07-27,2111.99,23.83,1.14
2022-07-28,2127.47,15.49,0.73
2022-07-29,2140.52,13.05,0.61
2022-07-31,2195.10,54.58,2.55
2022-08-01,2196.25,1.15,0.05
2022-08-02,2193.48,-2.76,-0.13
2022-08-03,2186.76,-6.72,-0.31
2022-08-04,2148.16,-38.61,-1.77
2022-08-05,2113.55,-34.61,-1.61
2022-08-07,2123.82,10.27,0.49
2022-08-08,2106.15,-17.68,-0.83
2022-08-09,2060.73,-45.42,-2.16
2022-08-10,2057.68,-5.11,-0.25
2022-08-11,2037.92,-18.96,-0.92
2022-08-14,2010.01,-27.92,-1.37
2022-08-15,2065.89,55.88,2.78
2022-08-16,2041.06,-24.83,-1.20
2022-08-17,2040.70,-0.36,-0.02
2022-08-18,2068.26,27.56,1.35
2022-08-21,2060.55,-7.72,-0.37
2022-08-22,2053.16,-7.38,-0.36
2022-08-23,2054.95,1.81,0.09
2022-08-24,2057.85,2.87,0.14
2022-08-25,2039.54,-18.30,-0.89
2022-08-26,2022.62,-16.93,-0.83
2022-08-28,1989.26,-33.36,-1.65
2022-08-29,1993.02,3.76,0.19
2022-08-30,1995.21,2.19,0.11
2022-08-31,1973.38,-21.97,-1.10
2022-09-02,1970.62,-1.67,-0.08
2022-09-04,1977.30,6.68,0.34
2022-09-05,1973.01,-4.29,-0.22
2022-09-06,1951.79,-21.22,-1.08
2022-09-07,1939.88,-11.97,-0.61
2022-09-08,1937.74,-2.13,-0.11
2022-09-11,1926.28,-11.46,-0.59
2022-09-12,1912.74,-13.54,-0.70
2022-09-13,1934.05,21.30,1.11
2022-09-14,1981.48,47.44,2.45
2022-09-15,1924.48,-57.00,-2.88
2022-09-16,1910.38,-14.10,-0.73
2022-09-18,1876.41,-33.97,-1.78
2022-09-20,1837.60,-38.81,-2.07
2022-09-21,1848.80,11.19,0.61
2022-09-22,1838.96,-9.83,-0.53
2022-09-25,1815.13,-23.83,-1.30
2022-09-27,1831.05,15.92,0.88
2022-09-28,1837.46,6.41,0.35
2022-09-29,1853.76,16.29,0.89
2022-10-09,1898.38,44.62,2.41
2022-10-10,1871.22,-27.16,-1.43
2022-10-11,1855.16,-16.06,-0.86
2022-10-12,1866.48,11.32,0.61
2022-10-13,1870.63,4.15,0.22
2022-10-16,1860.94,-9.69,-0.52
2022-10-17,1858.33,-2.61,-0.14
2022-10-19,1845.51,-12.81,-0.69
2022-10-20,1844.14,-1.38,-0.07
2022-10-23,1858.49,14.35,0.78
2022-10-31,1874.87,16.39,0.88
2022-11-01,1930.97,56.10,2.99
2022-11-02,1938.30,7.32,0.38
2022-11-03,1922.16,-16.14,-0.83
2022-11-06,1965.36,43.20,2.25
2022-11-07,1958.94,-6.43,-0.33
2022-11-08,1956.36,-2.57,-0.13
2022-11-09,1917.22,-39.15,-2.00
2022-11-10,1893.70,-23.52,-1.23
2022-11-13,1883.16,-10.54,-0.56
2022-11-14,1904.45,21.29,1.13
2022-11-15,1897.86,-6.59,-0.35
2022-11-16,1911.26,13.40,0.71
2022-11-17,1936.83,25.57,1.34
2022-11-22,1929.70,-7.13,-0.37
2022-11-23,1921.99,-7.72,-0.40
2022-11-24,1933.55,11.56,0.60
2022-11-27,1965.98,32.43,1.68
2022-11-28,1950.37,-15.61,-0.79
2022-11-29,1953.35,2.99,0.15
2022-11-30,1949.85,-3.51,-0.18
2022-12-01,1961.06,11.22,0.58
2022-12-04,1963.22,2.16,0.11
2022-12-05,1938.76,-24.46,-1.25
2022-12-06,1933.88,-4.87,-0.25
2022-12-07,1917.28,-16.61,-0.86
2022-12-11,1885.31,-31.97,-1.67
2022-12-12,1902.27,16.96,0.90
2022-12-13,1899.70,-2.57,-0.13
2022-12-14,1897.08,-2.62,-0.14
2022-12-15,1882.60,-14.48,-0.76
2022-12-18,1855.06,-27.54,-1.46
2022-12-19,1858.89,3.83,0.21
2022-12-20,1873.11,14.22,0.76
2022-12-21,1867.22,-5.89,-0.31
2022-12-22,1867.21,-0.01,0.00
2022-12-26,1924.09,56.88,3.05
2022-12-27,1983.95,59.87,3.11
2022-12-28,1972.15,-11.81,-0.60
2022-12-29,2029.03,56.88,2.88
2023-01-01,2046.26,17.24,0.85
2023-01-02,2063.83,17.56,0.86
2023-01-03,2061.06,-3.03,-0.15
2023-01-04,2125.84,64.78,3.14
2023-01-05,2143.93,18.09,0.85
2023-01-08,2164.61,20.68,0.96
2023-01-09,2211.76,47.15,2.18
2023-01-10,2190.42,-21.34,-0.96
2023-01-12,2149.39,-41.04,-1.87
2023-01-17,2182.11,32.72,1.52
2023-01-18,2173.10,-9.01,-0.41
2023-01-19,2178.81,5.71,0.26
2023-01-23,2165.10,-13.71,-0.63
2023-01-24,2173.25,8.15,0.38
2023-01-25,2183.62,10.37,0.48
2023-01-26,2183.21,-0.41,-0.02
2023-01-29,2168.53,-14.68,-0.67
2023-01-30,2127.37,-41.16,-1.90
2023-01-31,2111.68,-15.70,-0.74
2023-02-01,2116.65,4.97,0.24
2023-02-02,2094.54,-22.12,-1.04
2023-02-05,2096.08,1.54,0.07
2023-02-06,2100.70,4.62,0.22
2023-02-07,2177.34,76.64,3.65
2023-02-08,2170.18,-7.16,-0.33
2023-02-09,2182.63,12.45,0.57
2023-02-12,2121.86,-60.77,-2.78
2023-02-14,2105.46,-16.40,-0.77
2023-02-15,2091.56,-13.90,-0.66
2023-02-16,2070.41,-21.15,-1.01
2023-02-20,2046.81,-23.60,-1.14
2023-02-22,2080.38,33.57,1.64
2023-02-23,2022.64,-57.74,-2.78
2023-02-26,2027.19,4.55,0.22
2023-02-27,2023.54,-3.65,-0.18
2023-02-28,2019.93,-3.61,-0.18
2023-03-01,1995.49,-24.44,-1.21
2023-03-02,1969.02,-26.47,-1.33
2023-03-05,1938.25,-30.77,-1.56
2023-03-07,1952.66,14.41,0.74
2023-03-09,2002.70,50.04,2.56
2023-03-12,1975.89,-26.80,-1.34
2023-03-13,1951.21,-24.68,-1.25
2023-03-14,1953.06,1.85,0.09
2023-03-15,1938.62,-14.44,-0.74
2023-03-16,1933.31,-5.32,-0.27
2023-03-19,1926.40,-6.90,-0.36
2023-03-20,1949.06,22.65,1.18
2023-03-22,1933.29,-15.76,-0.81
2023-03-23,1915.14,-18.15,-0.94
2023-03-26,1888.29,-26.85,-1.40
2023-03-27,1906.00,17.70,0.94
2023-03-28,1918.41,12.41,0.65
2023-03-29,1919.42,1.02,0.05
2023-03-30,1908.55,-10.87,-0.57
2023-04-02,1888.55,-20.00,-1.05
2023-04-03,1871.88,-16.67,-0.88
2023-04-04,1866.68,-5.20,-0.28
2023-04-05,1875.07,8.39,0.45
2023-04-06,1866.79,-8.28,-0.44
2023-04-09,1838.48,-28.31,-1.52
2023-04-10,1844.02,5.54,0.30
2023-04-11,1871.33,27.31,1.48
2023-04-12,1963.55,92.22,4.93
2023-04-13,1934.47,-29.08,-1.48
2023-04-16,1931.68,-2.80,-0.14
2023-04-17,1908.05,-23.63,-1.22
2023-04-18,1904.98,-3.07,-0.16
2023-04-19,1920.12,15.13,0.79
2023-04-20,1904.40,-15.73,-0.82
2023-04-23,1885.60,-18.80,-0.99
2023-04-24,1888.32,2.71,0.14
2023-04-25,1905.68,17.36,0.92
2023-04-26,1892.00,-13.68,-0.72
2023-04-27,1889.75,-2.25,-0.12
2023-04-30,1870.66,-19.10,-1.01
2023-05-02,1866.40,-4.27,-0.23
2023-05-03,1857.23,-9.18,-0.49
2023-05-04,1869.73,12.73,0.69
2023-05-07,1850.61,-19.12,-1.02
2023-05-08,1833.69,-16.93,-0.91
2023-05-09,1844.36,10.66,0.58
2023-05-10,1841.93,-2.43,-0.13
2023-05-11,1838.59,-3.34,-0.18
2023-05-14,1821.64,-16.96,-0.92
2023-05-15,1818.31,-3.34,-0.18
2023-05-16,1821.62,3.31,0.18
2023-05-17,1845.01,23.39,1.28
2023-05-18,1877.32,32.30,1.75
2023-05-21,1883.20,5.88,0.31
2023-05-22,1891.31,8.10,0.43
2023-05-23,1942.63,51.31,2.71
2023-05-24,1959.12,16.49,0.85
2023-05-25,1959.12,16.49,0.85
2023-05-28,1941.77,-17.35,-0.89
2023-05-30,1888.61,-53.16,-2.74
2023-05-31,1849.79,-38.83,-2.06
2023-06-01,1866.34,16.54,0.89
2023-06-04,1919.37,53.03,2.84
2023-06-05,1901.99,-17.38,-0.91
2023-06-06,1927.65,25.66,1.35
2023-06-07,1932.33,4.68,0.24
2023-06-08,1939.61,7.27,0.38
2023-06-11,1980.09,40.48,2.09
2023-06-12,1987.87,7.79,0.39
2023-06-13,2020.64,34.17,1.72
2023-06-14,2037.06,16.42,0.81
2023-06-15,2042.07,5.00,0.25
2023-06-18,2094.33,52.26,2.56
2023-06-19,2091.39,-2.94,-0.14
2023-06-20,2064.83,-26.56,-1.27
2023-06-21,2050.78,-14.05,-0.68
2023-06-22,2055.53,4.75,0.23
2023-06-25,2117.73,62.21,3.03
2023-06-26,2129.42,11.69,0.55
2023-06-27,2186.36,56.94,2.67
2023-06-28,2150.99,-35.37,-1.62
2023-07-02,2097.29,-53.70,-2.50
2023-07-03,2075.97,-21.32,-1.02
2023-07-04,2088.70,12.73,0.61
2023-07-05,2049.44,-39.26,-1.88
2023-07-06,2049.38,-0.06,0.00
2023-07-09,2077.76,28.38,1.38
2023-07-10,2076.96,-0.80,-0.04
2023-07-11,2072.24,-4.73,-0.23
2023-07-12,2097.55,25.31,1.22
2023-07-13,2084.93,-12.62,-0.60
2023-07-16,2097.09,12.16,0.58
2023-07-17,2144.16,47.07,2.24
2023-07-18,2154.07,9.91,0.46
2023-07-19,2165.24,11.17,0.51
2023-07-20,2163.92,-1.31,-0.06
2023-07-23,2227.16,63.24,2.92
2023-07-24,2200.50,-26.66,-1.19
2023-07-25,2164.31,-36.19,-1.64
2023-07-26,2156.20,-8.11,-0.37
2023-07-27,2126.48,-29.71,-1.37
2023-07-30,2100.34,-26.14,-1.22
2023-07-31,2106.18,5.84,0.27
2023-08-01,2077.58,-28.59,-1.35
2023-08-02,2086.84,9.25,0.44
2023-08-03,2089.84,3.00,0.14
2023-08-06,2051.47,-38.37,-1.83
2023-08-07,2048.26,-3.21,-0.15
2023-08-08,2019.85,-28.40,-1.38
2023-08-09,2060.91,41.06,2.03
2023-08-10,2066.05,5.13,0.24
2023-08-13,2080.86,14.81,0.71
2023-08-14,2077.24,-3.61,-0.17
2023-08-15,2045.44,-31.80,-1.53
2023-08-16,2025.12,-20.31,-0.99
2023-08-17,2033.13,8.01,0.39
2023-08-20,2011.22,-21.91,-1.07
2023-08-21,1998.28,-12.93,-0.64
2023-08-22,2015.98,17.69,0.88
2023-08-23,2045.45,29.47,1.46
2023-08-24,2013.93,-31.52,-1.54
2023-08-28,1998.48,5.09,0.25
2023-08-29,1993.42,-5.05,-0.25
2023-08-30,1990.59,-2.82,-0.14
2023-09-03,1960.78,-29.81,-1.49
2023-09-04,1967.83,7.04,0.35
2023-09-05,1961.37,-6.45,-0.32
2023-09-07,1932.45,-28.92,-1.47
2023-09-10,1942.68,10.23,0.52
2023-09-12,1967.57,-19.42,-0.97
2023-09-13,2007.06,39.48,2.00
2023-09-17,1964.91,-42.14,-2.09
2023-09-18,1969.18,4.26,0.21
2023-09-19,1985.43,16.24,0.82
2023-09-21,2029.78,44.34,2.23
2023-09-24,2010.35,-19.42,-0.95
2023-09-25,2004.45,-5.89,-0.29
2023-09-26,2022.91,18.45,0.92
2023-09-27,2004.30,-18.60,-0.91
2023-10-01,1971.10,-33.20,-1.65
2023-10-02,1976.29,5.19,0.26
2023-10-03,1958.72,-17.56,-0.88
2023-10-04,1967.97,9.24,0.47
2023-10-05,1956.92,-11.04,-0.56
2023-10-08,1921.24,-35.67,-1.82
2023-10-09,1908.66,-12.58,-0.65
2023-10-10,1889.59,-19.06,-0.99
2023-10-11,1894.76,5.16,0.27
2023-10-12,1874.60,-20.16,-1.06
2023-10-16,1851.43,-23.16,-1.23
2023-10-17,1864.62,13.18,0.71
2023-10-18,1907.89,43.27,2.32
2023-10-19,1903.84,-4.05,-0.21
2023-10-29,1875.65,-28.18,-1.48
2023-10-30,1878.70,3.04,0.16
2023-10-31,1864.40,-14.29,-0.76
2023-11-01,1858.56,-5.83,-0.31
2023-11-02,1847.70,-10.86,-0.58
2023-11-05,1826.23,-21.46,-1.16
2023-11-06,1847.54,21.30,1.16
2023-11-07,1858.76,11.22,0.60
2023-11-08,1863.94,5.17,0.27
2023-11-09,1852.08,-11.85,-0.63
2023-11-20,1853.48,1.39,0.07
2023-11-21,1829.65,-23.82,-1.28
2023-11-22,1850.33,20.67,1.13
2023-11-23,1860.20,9.87,0.53
2023-11-26,1907.95,47.75,2.56
2023-11-27,1896.67,-11.27,-0.59
2023-11-28,1894.53,-2.17,-0.11
2023-11-29,1876.60,-17.93,-0.94
2023-11-30,1858.53,-18.06,-0.96
2023-12-03,1851.23,-7.29,-0.39
2023-12-04,1847.81,-3.42,-0.18
2023-12-05,1837.71,-10.10,-0.54
2023-12-06,1841.04,3.33,0.18
2023-12-07,1852.77,11.73,0.63
2023-12-10,1963.98,111.20,6.00
2023-12-11,1948.57,-15.40,-0.78
2023-12-12,1985.44,36.86,1.89
2023-12-13,1988.04,2.60,0.13
2023-12-14,1994.60,6.55,0.32
2023-12-17,2022.35,27.75,1.39
2023-12-19,2106.48,45.98,2.23
2023-12-20,2141.87,35.39,1.68
2023-12-21,2109.10,-32.77,-1.53
2023-12-24,2088.07,-21.03,-0.99
2023-12-27,2070.84,-17.23,-0.82
2023-12-28,2068.90,-1.93,-0.09
2024-01-01,2060.15,-8.75,-0.42
2024-01-02,2030.10,-30.05,-1.45
2024-01-03,2058.00,27.90,1.37
2024-01-04,2049.28,-8.71,-0.42
2024-01-07,2022.92,-26.36,-1.28
2024-01-08,2059.49,36.57,1.80
2024-01-09,2080.12,20.62,1.00
2024-01-10,2089.62,9.50,0.45
2024-01-11,2088.99,-0.62,-0.03
2024-01-14,2120.62,31.62,1.51
2024-01-16,2175.17,54.54,2.57
2024-01-17,2163.06,-12.10,-0.55
2024-01-18,2155.82,-7.24,-0.33
2024-01-21,2130.18,-25.63,-1.18
2024-01-22,2098.69,-31.49,-1.47
2024-01-23,2098.29,-0.40,-0.01
2024-01-24,2088.04,-10.25,-0.48
2024-01-25,2084.09,-3.94,-0.18
2024-01-28,2094.46,10.37,0.49
2024-01-29,2104.72,10.26,0.48
2024-01-30,2119.61,14.88,0.70
2024-01-31,2097.93,-21.67,-1.02
2024-02-01,2067.01,-30.92,-1.47
2024-02-04,2061.70,-5.31,-0.25
2024-02-05,2076.27,14.57,0.70
2024-02-06,2085.71,9.44,0.45
2024-02-07,2090.64,4.92,0.23
2024-02-08,2096.32,5.68,0.27
2024-02-11,2085.82,-10.50,-0.50
2024-02-12,2101.16,15.33,0.73
2024-02-13,2070.59,-30.56,-1.45
2024-02-14,2076.50,5.91,0.28
2024-02-15,2062.03,-14.46,-0.69
2024-02-18,2034.82,-27.21,-1.31
2024-02-20,2033.06,-1.76,-0.08
2024-02-21,2026.59,-6.46,-0.31
2024-02-22,2005.83,-20.76,-1.02
2024-02-25,1979.02,-26.81,-1.33
2024-02-26,1992.30,13.28,0.67
2024-02-27,2001.64,9.34,0.46
2024-02-28,2000.77,-0.87,-0.04
2024-02-29,1972.09,-28.68,-1.43
2024-03-03,1960.30,-11.78,-0.59
2024-03-04,2078.00,117.70,6.00
2024-03-05,2007.69,-70.31,-3.38
2024-03-06,2017.03,9.33,0.46
2024-03-07,2030.55,13.51,0.67
2024-03-10,2052.65,22.10,1.08
2024-03-12,2111.21,58.55,2.85
2024-03-13,2108.72,-2.48,-0.11
2024-03-14,2080.87,-27.84,-1.32
2024-03-17,2070.25,-10.62,-0.51
2024-03-18,2073.53,3.27,0.15
2024-03-19,2067.29,-6.24,-0.30
2024-03-20,2063.95,-3.34,-0.16
2024-03-21,2048.57,-15.37,-0.74
2024-03-25,2031.55,-17.01,-0.83
2024-03-26,2041.70,10.14,0.49
2024-03-27,2030.86,-10.83,-0.53
2024-03-28,2035.64,4.78,0.23
2024-03-31,2018.33,-17.30,-0.85
2024-04-01,2012.07,-6.26,-0.31
2024-04-02,2010.21,-1.85,-0.09
2024-04-03,2006.78,-3.43,-0.17
2024-04-04,2004.05,-2.73,-0.13
2024-04-07,2026.81,22.75,1.13
2024-04-09,2036.01,9.19,0.45
2024-04-10,2025.30,-10.71,-0.52
2024-04-14,2023.35,-2.35,-0.11
2024-04-15,2006.52,-16.82,-0.83
2024-04-16,1991.71,-14.81,-0.73
2024-04-18,1972.14,-19.56,-0.98
2024-04-21,1984.43,12.29,0.62
2024-04-22,1969.02,-15.41,-0.77
2024-04-24,1969.17,0.15,0.00
2024-04-25,1965.93,-3.24,-0.16
2024-04-28,1980.27,14.33,0.72
2024-04-29,1980.34,0.07,0.00
2024-04-30,2006.28,25.93,1.30
2024-05-02,1998.96,-7.31,-0.36
2024-05-05,1974.37,-24.58,-1.23
2024-05-06,1958.75,-15.62,-0.79
2024-05-07,1960.81,2.06,0.10
2024-05-08,1960.60,-0.21,-0.01
2024-05-09,1966.23,5.63,0.28
2024-05-12,1974.50,8.26,0.42
2024-05-13,1998.89,24.39,1.23
2024-05-14,2027.51,28.62,1.43
2024-05-15,2017.97,-9.54,-0.47
2024-05-16,2018.76,0.79,0.03
2024-05-19,2064.45,45.69,2.26
2024-05-20,2092.00,27.54,1.33
2024-05-21,2115.94,23.94,1.14
2024-05-22,2131.49,15.54,0.73
2024-05-26,2109.34,-22.14,-1.03
2024-05-27,2113.27,3.93,0.18
2024-05-29,2089.42,-23.81,-1.12
2024-05-30,2069.53,-19.89,-0.95
2024-06-02,2083.04,13.51,0.65
2024-06-03,2079.07,-3.97,-0.19
2024-06-04,2085.30,6.22,0.29
2024-06-05,2079.71,-5.58,-0.26
2024-06-06,2077.78,-1.93,-0.09
2024-06-09,2073.19,-4.59,-0.22
2024-06-10,2082.09,8.90,0.42
2024-06-11,2115.24,33.15,1.59
2024-06-12,2121.62,6.37,0.30
2024-06-13,2112.29,-9.32,-0.43
2024-06-16,2095.25,-17.04,-0.80
2024-06-18,2076.49,-18.76,-0.89
2024-06-19,2078.76,2.27,0.10
2024-06-20,2068.31,-10.44,-0.50
2024-06-23,2062.94,-5.37,-0.25
2024-06-24,2066.16,3.21,0.15
2024-06-25,2071.77,5.60,0.27
2024-06-26,2060.16,-11.60,-0.56
2024-06-27,2051.92,-8.24,-0.40
2024-06-30,2037.09,-14.83,-0.72
2024-07-01,2053.38,16.29,0.80
2024-07-02,2100.43,47.04,2.29
2024-07-03,2104.22,3.79,0.18
2024-07-04,2119.70,15.47,0.73
2024-07-07,2140.97,21.27,1.00
2024-07-08,2136.35,-4.62,-0.21
2024-07-09,2152.14,15.79,0.73
2024-07-10,2175.40,23.25,1.08
2024-07-11,2204.61,29.21,1.34
2024-07-14,2257.59,52.97,2.40
2024-07-15,2240.41,-17.18,-0.76
2024-07-16,2310.59,70.18,3.13
2024-07-17,2364.63,54.04,2.33
2024-07-18,2424.32,59.68,2.52
2024-07-21,2485.94,61.61,2.54
2024-07-22,2488.09,2.15,0.08
2024-07-23,2563.43,75.33,3.02
2024-07-24,2536.11,-27.32,-1.06
2024-07-25,2568.13,32.02,1.26
2024-07-28,2681.56,113.42,4.41
2024-07-29,2661.09,-20.46,-0.76
2024-07-30,2696.65,35.55,1.33
2024-07-31,2760.91,64.26,2.38
2024-08-01,2755.62,-5.29,-0.19
2024-08-05,2796.38,40.76,1.47
2024-08-06,2651.32,-145.05,-5.18
2024-08-07,2759.67,108.35,4.08
2024-08-08,2766.38,6.70,0.24
2024-08-11,2860.84,94.46,3.41
2024-08-12,2931.65,70.81,2.47
2024-08-13,2923.46,-8.18,-0.27
2024-08-14,2957.75,34.29,1.17
2024-08-15,3000.81,43.05,1.45
2024-08-18,2966.33,-34.47,-1.14
2024-08-21,2968.44,2.11,0.07
2024-08-22,2974.46,6.01,0.20
2024-08-25,2894.57,-79.88,-2.68
2024-08-27,2782.60,-111.96,-3.86
2024-08-28,2786.40,3.80,0.13
2024-08-29,2749.57,-36.83,-1.32
2024-09-01,2695.93,-53.63,-1.95
2024-09-02,2823.25,127.32,4.72
2024-09-03,2830.20,6.94,0.24
2024-09-04,2739.46,-90.73,-3.20
2024-09-05,2727.36,-12.10,-0.44
2024-09-08,2701.90,-25.46,-0.93
2024-09-09,2646.03,-55.86,-2.06
2024-09-10,2632.94,-13.09,-0.49
2024-09-11,2610.21,-22.73,-0.86
2024-09-12,2688.53,78.31,3.00
2024-09-15,2637.79,-50.73,-1.88
2024-09-16,2580.76,-57.03,-2.16
2024-09-18,2576.76,-4.00,-0.15
2024-09-22,2588.35,11.58,0.44
2024-09-23,2529.33,-59.02,-2.28
2024-09-24,2470.39,-58.93,-2.33
2024-09-25,2519.57,49.18,1.99
2024-09-26,2486.76,-32.81,-1.30
2024-09-29,2464.40,-22.36,-0.89
2024-09-30,2508.86,44.45,1.80
2024-10-01,2623.56,114.70,4.57
2024-10-02,2597.49,-26.07,-0.99
2024-10-06,2653.58,56.09,2.15
2024-10-07,2690.72,37.13,1.39
2024-10-08,2663.32,-27.39,-1.01
2024-10-09,2668.17,4.85,0.18
2024-10-15,2699.66,31.48,1.17
2024-10-16,2742.88,43.22,1.60
2024-10-17,2745.36,2.47,0.09
2024-10-20,2697.91,-47.44,-1.72
2024-10-21,2639.92,-57.99,-2.14
2024-10-22,2665.81,25.88,0.98
2024-10-23,2645.39,-20.41,-0.76
2024-10-24,2627.14,-18.25,-0.68
2024-10-27,2617.95,-9.19,-0.34
2024-10-28,2645.36,27.41,1.04
2024-10-29,2692.05,46.69,1.76
2024-10-30,2677.62,-14.43,-0.53
2024-11-05,2677.40,-0.21,0.00
2024-11-06,2675.51,-1.88,-0.07
2024-11-10,2738.06,62.54,2.33
2024-11-11,2760.21,22.14,0.80
2024-11-12,2748.96,-11.24,-0.40
2024-11-13,2734.83,-14.12,-0.51
2024-11-14,2748.78,13.95,0.51
2024-11-17,2753.76,4.98,0.18
2024-11-19,2702.65,-51.11,-1.85
2024-11-20,2711.75,9.09,0.33
2024-11-21,2680.44,-31.31,-1.15
2024-11-24,2667.40,-13.03,-0.48
2024-11-25,2683.24,15.83,0.59
2024-11-26,2716.66,33.41,1.24
2024-11-27,2756.36,39.70,1.46
2024-11-28,2748.05,-8.30,-0.30
2024-12-01,2738.06,-9.99,-0.36
2024-12-02,2758.04,19.97,0.72
2024-12-03,2775.85,17.80,0.64
2024-12-04,2750.87,-24.97,-0.89
2024-12-05,2734.93,-15.93,-0.57
2024-12-08,2689.00,-45.93,-1.67
2024-12-09,2676.15,-12.84,-0.47
2024-12-10,2669.82,-6.32,-0.23
2024-12-11,2715.71,45.88,1.71
2024-12-12,2682.29,-33.42,-1.23
2024-12-16,2630.91,-51.37,-1.91
2024-12-17,2633.87,2.95,0.11
2024-12-18,2628.26,-5.60,-0.21
2024-12-19,2596.82,-31.43,-1.19
2024-12-22,2583.29,-13.53,-0.52
2024-12-23,2612.20,28.91,1.11
2024-12-24,2626.52,14.31,0.54
2024-12-26,2630.71,4.19,0.15
2024-12-29,2609.58,-21.12,-0.80
2024-12-31,2576.50,-33.08,-1.26
2025-01-01,2581.60,5.10,0.19
2025-01-02,2586.23,4.63,0.17
2025-01-05,2591.56,5.32,0.20
2025-01-06,2640.68,49.12,1.89
2025-01-07,2646.84,6.16,0.23
2025-01-08,2653.23,6.38,0.24
2025-01-09,2635.09,-18.14,-0.68
2025-01-12,2609.67,-25.41,-0.96
2025-01-13,2594.13,-15.54,-0.59
2025-01-15,2595.96,1.83,0.07
2025-01-16,2588.62,-7.33,-0.28
2025-01-19,2601.21,12.58,0.48
2025-01-20,2607.99,6.78,0.26
2025-01-21,2613.08,5.08,0.19
2025-01-22,2665.45,52.36,2.00
2025-01-23,2654.35,-11.10,-0.41
2025-01-26,2643.93,-10.41,-0.39
2025-01-27,2633.27,-10.66,-0.40
2025-01-28,2657.77,24.50,0.93
2025-02-02,2727.58,69.80,2.62
2025-02-03,2730.00,2.41,0.08
2025-02-04,2715.91,-14.08,-0.51
2025-02-05,2711.45,-4.45,-0.16
2025-02-06,2699.81,-11.64,-0.42
2025-02-09,2688.31,-11.49,-0.42
2025-02-10,2677.32,-10.98,-0.40
2025-02-11,2683.86,6.54,0.24
2025-02-12,2685.73,1.86,0.06
2025-02-13,2678.47,-7.26,-0.27
2025-02-16,2698.03,19.56,0.73
2025-02-17,2727.91,29.87,1.10
2025-02-18,2740.59,12.68,0.46
2025-02-20,2743.74,3.14,0.11
2025-02-23,2755.40,11.66,0.42
2025-02-24,2758.75,3.35,0.12
2025-02-25,2765.88,7.13,0.25
2025-02-27,2815.04,49.15,1.77
2025-03-02,2890.28,75.24,2.67
2025-03-03,2876.66,-13.62,-0.47
2025-03-04,2846.30,-30.36,-1.05
2025-03-05,2821.13,-25.16,-0.88
2025-03-06,2818.43,-2.70,-0.09
2025-03-09,2772.10,-46.33,-1.64
2025-03-10,2751.42,-20.68,-0.74
2025-03-11,2719.20,-32.21,-1.17
2025-03-12,2736.48,17.28,0.63
2025-03-16,2714.85,-21.63,-0.79
2025-03-17,2704.70,-10.14,-0.37
2025-03-18,2697.04,-7.66,-0.28
2025-03-19,2682.15,-14.88,-0.55
2025-03-20,2669.31,-12.84,-0.47
2025-03-23,2614.68,-54.62,-2.04
2025-03-24,2640.78,26.10,0.99
2025-03-25,2582.73,-58.05,-2.19
2025-03-26,2621.86,39.13,1.51
2025-03-27,2663.30,41.43,1.58
2025-03-30,2693.12,29.82,1.11
2025-04-01,2676.17,-16.95,-0.62
2025-04-02,2700.04,23.86,0.89
2025-04-03,2703.39,3.35,0.12
2025-04-07,2670.06,-33.33,-1.23
2025-04-08,2666.61,-3.44,-0.12
2025-04-09,2676.28,9.66,0.36
2025-04-10,2670.70,-5.57,-0.20
2025-04-13,2662.08,-8.62,-0.32
2025-04-15,2689.22,27.14,1.01
2025-04-16,2696.23,7.01,0.26
2025-04-17,2722.73,26.49,0.98
2025-04-20,2706.04,-16.68,-0.61
2025-04-21,2698.28,-7.75,-0.28
2025-04-22,2688.32,-9.96,-0.36
2025-04-23,2655.94,-32.38,-1.20
2025-04-24,2658.02,2.08,0.07
2025-04-27,2661.60,3.58,0.13
2025-04-28,2647.07,-14.53,-0.54
2025-04-29,2631.98,-15.08,-0.57
2025-04-30,2623.83,-8.14,-0.30
2025-05-04,2620.39,-3.44,-0.13
2025-05-05,2610.40,-9.98,-0.38
2025-05-06,2611.43,1.03,0.03
2025-05-07,2673.69,62.25,2.38
2025-05-08,2661.64,-12.04,-0.45
2025-05-11,2649.11,-12.53,-0.47
2025-05-13,2634.23,-14.87,-0.56
2025-05-14,2620.27,-13.96,-0.53
2025-05-15,2611.85,-8.41,-0.32
2025-05-18,2609.05,-2.79,-0.10
2025-05-19,2628.36,19.30,0.74
2025-05-20,2677.45,49.09,1.86
2025-05-21,2669.51,-7.94,-0.29
2025-05-22,2688.55,19.04,0.71
2025-05-25,2679.98,-8.57,-0.31
2025-05-26,2674.76,-5.21,-0.19
2025-05-27,2675.62,0.85,0.03
2025-05-28,2693.06,17.44,0.65
2025-06-02,2694.66,1.60,0.05
2025-06-03,2658.93,-35.73,-1.32
